Time_String,Elapsed_Sec,Ign1_X,Ign1_Y,Ign2_X,Ign2_Y,Ign3_X,Ign3_Y
18:02:53.00,0.0,,,526490.603,3378194.633,,
18:02:54.00,1.0,,,526489.110,3378193.563,,
18:02:55.00,2.0,,,526487.540,3378192.576,,
18:02:56.00,3.0,526213.061,3378456.597,526485.771,3378192.081,,
18:02:57.00,4.0,526212.353,3378455.322,526484.184,3378191.145,,
18:02:58.00,5.0,526211.751,3378453.921,526482.586,3378190.212,,
18:02:59.00,6.0,526211.283,3378452.471,526480.842,3378189.597,,
18:03:00.00,7.0,526210.602,3378451.106,526479.006,3378189.433,,
18:03:01.00,8.0,526209.832,3378449.789,526477.360,3378188.719,,
18:03:02.00,9.0,526208.959,3378448.548,526475.895,3378187.584,,
18:03:03.00,10.0,526207.879,3378447.469,526474.343,3378186.575,,
18:03:04.00,11.0,526206.819,3378446.373,526472.815,3378185.526,,
18:03:05.00,12.0,526206.029,3378445.069,526471.191,3378184.673,,
18:03:06.00,13.0,526205.497,3378443.644,526469.406,3378184.174,,
18:03:07.00,14.0,526205.124,3378442.168,526467.564,3378184.049,,
18:03:08.00,15.0,526204.655,3378440.718,526465.708,3378184.045,,
18:03:09.00,16.0,526204.379,3378439.220,526463.860,3378184.201,,
18:03:10.00,17.0,526203.979,3378437.758,526462.069,3378183.775,,
18:03:11.00,18.0,526203.254,3378436.422,526460.535,3378182.770,,
18:03:12.00,19.0,526202.311,3378435.227,526458.984,3378181.764,,
18:03:13.00,20.0,526201.370,3378434.027,526457.483,3378180.709,,
18:03:14.00,21.0,526200.473,3378432.793,526456.139,3378179.431,,
18:03:15.00,22.0,526199.643,3378431.513,526454.944,3378178.035,,
18:03:16.00,23.0,526198.844,3378430.214,526453.820,3378176.564,,
18:03:17.00,24.0,526198.044,3378428.914,526452.609,3378175.158,,
18:03:18.00,25.0,526197.200,3378427.643,526451.398,3378173.752,,
18:03:19.00,26.0,526196.285,3378426.430,526450.071,3378172.471,,
18:03:20.00,27.0,526195.533,3378425.176,526448.552,3378171.408,,
18:03:21.00,28.0,526194.980,3378423.763,526446.947,3378170.476,,
18:03:22.00,29.0,526194.274,3378422.411,526445.342,3378169.544,,
18:03:23.00,30.0,526193.396,3378421.173,526443.769,3378168.560,,
18:03:24.00,31.0,526192.455,3378419.974,526442.353,3378167.370,,
18:03:25.00,32.0,526191.592,3378418.716,526440.971,3378166.132,,
18:03:26.00,33.0,526190.697,3378417.484,526439.645,3378164.849,,
18:03:27.00,34.0,526189.702,3378416.328,526438.769,3378163.233,,
18:03:28.00,35.0,526188.657,3378415.220,526438.225,3378161.467,,
18:03:29.00,36.0,526187.510,3378414.214,526437.351,3378159.832,,
18:03:30.00,37.0,526186.377,3378413.191,526436.156,3378158.435,,
18:03:31.00,38.0,526185.303,3378412.108,526434.594,3378158.550,,
18:03:32.00,39.0,526184.288,3378410.969,526432.796,3378158.145,,
18:03:33.00,40.0,526183.246,3378409.856,526431.184,3378157.274,,
18:03:34.00,41.0,526182.175,3378408.769,526429.639,3378156.247,,
18:03:35.00,42.0,526181.105,3378407.681,526428.158,3378155.132,,
18:03:36.00,43.0,526180.030,3378406.598,526426.754,3378153.920,,
18:03:37.00,44.0,526178.879,3378405.596,526425.393,3378152.658,,
18:03:38.00,45.0,526177.649,3378404.694,526424.012,3378151.420,,
18:03:39.00,46.0,526176.491,3378403.702,526422.406,3378150.489,,
18:03:40.00,47.0,526175.404,3378402.632,526420.765,3378149.622,,
18:03:41.00,48.0,526174.285,3378401.596,526419.032,3378148.975,,
18:03:42.00,49.0,526173.092,3378400.647,526417.546,3378147.876,,
18:03:43.00,50.0,526171.762,3378399.933,526415.932,3378146.965,,
18:03:44.00,51.0,526170.308,3378399.472,526414.433,3378145.875,,
18:03:45.00,52.0,526168.852,3378399.025,526413.317,3378144.420,,
18:03:46.00,53.0,526167.442,3378398.454,526412.357,3378142.831,,
18:03:47.00,54.0,526166.000,3378397.990,526411.347,3378141.275,,
18:03:48.00,55.0,526164.884,3378396.962,526410.255,3378139.776,,
18:03:49.00,56.0,526163.888,3378395.806,526409.211,3378138.245,,
18:03:50.00,57.0,526162.832,3378394.707,526408.222,3378136.676,,
18:03:51.00,58.0,526161.885,3378393.516,526407.169,3378135.148,,
18:03:52.00,59.0,526161.104,3378392.207,526406.116,3378133.619,,
18:03:53.00,60.0,526160.759,3378390.722,526405.149,3378132.036,,
18:03:54.00,61.0,526160.484,3378389.229,526404.271,3378130.402,,
18:03:55.00,62.0,526159.873,3378387.836,526403.529,3378128.703,,
18:03:56.00,63.0,526159.058,3378386.548,526402.966,3378126.940,,
18:03:57.00,64.0,526157.924,3378385.545,526402.634,3378125.119,,
18:03:58.00,65.0,526156.839,3378384.474,526402.390,3378123.290,,
18:03:59.00,66.0,526155.877,3378383.291,526401.746,3378121.552,,
18:04:00.00,67.0,526155.230,3378381.943,526400.897,3378119.902,,
18:04:01.00,68.0,526154.988,3378380.440,526400.109,3378118.222,,
18:04:02.00,69.0,526154.735,3378378.943,526399.179,3378116.618,,
18:04:03.00,70.0,526154.097,3378377.586,526398.157,3378115.069,,
18:04:04.00,71.0,526152.971,3378376.595,526396.925,3378113.706,,
18:04:05.00,72.0,526151.615,3378375.895,526395.534,3378112.482,,
18:04:06.00,73.0,526150.237,3378375.247,526394.266,3378111.128,,
18:04:07.00,74.0,526148.759,3378374.899,526393.082,3378109.701,,
18:04:08.00,75.0,526147.270,3378374.582,526392.013,3378108.184,,
18:04:09.00,76.0,526145.931,3378373.886,526391.095,3378106.573,,
18:04:10.00,77.0,526144.659,3378373.042,526390.258,3378104.918,,
18:04:11.00,78.0,526143.556,3378371.991,526389.633,3378103.177,,
18:04:12.00,79.0,526142.484,3378370.906,526389.140,3378101.388,,
18:04:13.00,80.0,526141.515,3378369.731,526388.588,3378099.621,,
18:04:14.00,81.0,526140.597,3378368.512,526387.787,3378097.949,,
18:04:15.00,82.0,526139.678,3378367.294,526386.722,3378096.443,,
18:04:16.00,83.0,526138.752,3378366.085,526385.511,3378095.037,,
18:04:17.00,84.0,526137.444,3378365.303,526383.948,3378094.115,,
18:04:18.00,85.0,526136.365,3378364.225,526382.418,3378093.078,,
18:04:19.00,86.0,526135.389,3378363.053,526381.029,3378091.848,,
18:04:20.00,87.0,526134.500,3378361.813,526379.642,3378090.614,,
18:04:21.00,88.0,526133.683,3378360.526,526378.337,3378089.302,,
18:04:22.00,89.0,526132.786,3378359.292,526377.052,3378087.968,,
18:04:23.00,90.0,526131.958,3378358.010,526375.705,3378086.693,,
18:04:24.00,91.0,526130.969,3378356.849,526374.518,3378085.277,,
18:04:25.00,92.0,526129.973,3378355.693,526373.485,3378083.735,,
18:04:26.00,93.0,526128.977,3378354.536,526372.472,3378082.180,,
18:04:27.00,94.0,526128.101,3378353.298,526371.488,3378080.610,,
18:04:28.00,95.0,526127.352,3378351.969,526370.277,3378079.204,,
18:04:29.00,96.0,526126.579,3378350.655,526369.000,3378077.857,,
18:04:30.00,97.0,526125.928,3378349.281,526367.555,3378076.706,,
18:04:31.00,98.0,526125.484,3378347.824,526365.953,3378075.776,,
18:04:32.00,99.0,526124.826,3378346.447,526364.415,3378074.744,,
18:04:33.00,100.0,526124.217,3378345.048,526362.895,3378073.681,,
18:04:34.00,101.0,526123.615,3378343.646,526361.570,3378072.387,,
18:04:35.00,102.0,526122.930,3378342.285,526360.491,3378070.885,,
18:04:36.00,103.0,526122.180,3378340.956,526359.550,3378069.286,,
18:04:37.00,104.0,526121.452,3378339.616,526358.871,3378067.566,,
18:04:38.00,105.0,526120.692,3378338.292,526358.304,3378065.799,,
18:04:39.00,106.0,526119.719,3378337.120,526357.682,3378064.051,,
18:04:40.00,107.0,526118.723,3378335.964,526356.985,3378062.332,,
18:04:41.00,108.0,526117.689,3378334.843,526356.194,3378060.656,,
18:04:42.00,109.0,526116.666,3378333.714,526355.090,3378059.226,,
18:04:43.00,110.0,526115.748,3378332.496,526353.714,3378058.036,,
18:04:44.00,111.0,526114.829,3378331.277,526352.553,3378056.589,,
18:04:45.00,112.0,526113.843,3378330.114,526351.373,3378055.158,,
18:04:46.00,113.0,526112.948,3378328.882,526350.256,3378053.677,,
18:04:47.00,114.0,526112.080,3378327.628,526349.249,3378052.118,,
18:04:48.00,115.0,526111.177,3378326.398,526348.304,3378050.522,,
18:04:49.00,116.0,526110.328,3378325.130,526347.322,3378048.947,,
18:04:50.00,117.0,526109.416,3378323.908,526346.446,3378047.314,,
18:04:51.00,118.0,526108.497,3378322.689,526345.562,3378045.684,,
18:04:52.00,119.0,526107.541,3378321.501,526344.643,3378044.073,,
18:04:53.00,120.0,526106.561,3378320.332,526343.784,3378042.432,,
18:04:54.00,121.0,526105.643,3378319.113,526342.791,3378040.867,,
18:04:55.00,122.0,526104.573,3378318.025,526341.969,3378039.205,,
18:04:56.00,123.0,526103.563,3378316.883,526341.063,3378037.586,,
18:04:57.00,124.0,526102.567,3378315.727,526340.244,3378035.921,,
18:04:58.00,125.0,526101.602,3378314.545,526339.315,3378034.315,,
18:04:59.00,126.0,526100.713,3378313.307,526338.371,3378032.718,,
18:05:00.00,127.0,526099.954,3378311.984,526337.523,3378031.068,,
18:05:01.00,128.0,526099.394,3378310.566,526336.702,3378029.404,,
18:05:02.00,129.0,526098.945,3378309.108,526335.851,3378027.755,,
18:05:03.00,130.0,526098.447,3378307.667,526335.029,3378026.092,,
18:05:04.00,131.0,526097.820,3378306.280,526334.315,3378024.383,,
18:05:05.00,132.0,526096.972,3378305.028,526333.374,3378022.785,,
18:05:06.00,133.0,526095.900,3378303.943,526332.372,3378021.227,,
18:05:07.00,134.0,526094.857,3378302.836,526331.710,3378019.493,,
18:05:08.00,135.0,526094.048,3378301.542,526331.036,3378017.764,,
18:05:09.00,136.0,526093.403,3378300.190,526330.260,3378016.080,,
18:05:10.00,137.0,526092.967,3378298.736,526329.363,3378014.455,,
18:05:11.00,138.0,526092.412,3378297.316,526328.364,3378012.897,,
18:05:12.00,139.0,526092.007,3378295.847,526327.220,3378011.436,,
18:05:13.00,140.0,526091.714,3378294.350,526326.026,3378010.018,,
18:05:14.00,141.0,526091.381,3378292.861,526325.238,3378008.338,,
18:05:15.00,142.0,526091.001,3378291.383,526324.496,3378006.638,,
18:05:16.00,143.0,526090.582,3378289.916,526323.995,3378004.856,,
18:05:17.00,144.0,526090.162,3378288.449,526323.573,3378003.049,,
18:05:18.00,145.0,526089.524,3378287.071,526323.086,3378001.260,,
18:05:19.00,146.0,526088.912,3378285.676,526322.490,3377999.503,,
18:05:20.00,147.0,526088.389,3378284.243,526321.784,3377997.788,,
18:05:21.00,148.0,526087.875,3378282.807,526320.933,3377996.139,,
18:05:22.00,149.0,526087.272,3378281.405,526320.082,3377994.490,,
18:05:23.00,150.0,526086.662,3378280.007,526319.062,3377992.941,,
18:05:24.00,151.0,526085.939,3378278.663,526318.284,3377991.260,,
18:05:25.00,152.0,526085.181,3378277.339,526317.582,3377989.543,,
18:05:26.00,153.0,526084.447,3378276.001,526316.802,3377987.866,,
18:05:27.00,154.0,526083.764,3378274.637,526315.844,3377986.276,,
18:05:28.00,155.0,526083.150,3378273.241,526314.883,3377984.689,,
18:05:29.00,156.0,526082.566,3378271.834,526313.850,3377983.147,,
18:05:30.00,157.0,526081.843,3378270.491,526313.162,3377981.425,,
18:05:31.00,158.0,526081.120,3378269.147,526312.264,3377979.806,,
18:05:32.00,159.0,526080.397,3378267.803,526311.483,3377978.130,,
18:05:33.00,160.0,526079.522,3378266.554,526310.903,3377976.370,,
18:05:34.00,161.0,526078.694,3378265.272,526310.576,3377974.551,,
18:05:35.00,162.0,526077.833,3378264.012,526310.396,3377972.704,,
18:05:36.00,163.0,526076.875,3378262.834,526310.088,3377970.880,,
18:05:37.00,164.0,526075.705,3378261.860,526309.413,3377969.151,,
18:05:38.00,165.0,526074.538,3378260.883,526308.149,3377967.804,,
18:05:39.00,166.0,526073.504,3378259.763,526306.636,3377966.732,,
18:05:40.00,167.0,526072.963,3378258.339,526305.225,3377965.527,,
18:05:41.00,168.0,526072.435,3378256.909,526303.678,3377964.505,,
18:05:42.00,169.0,526071.743,3378255.570,526302.237,3377963.347,,
18:05:43.00,170.0,526070.785,3378254.383,526300.602,3377962.471,,
18:05:44.00,171.0,526069.745,3378253.268,526298.966,3377961.602,,
18:05:45.00,172.0,526068.663,3378252.192,526297.245,3377960.909,,
18:05:46.00,173.0,526067.661,3378251.048,526295.473,3377960.365,,
18:05:47.00,174.0,526066.929,3378249.731,526293.741,3377959.739,,
18:05:48.00,175.0,526066.461,3378248.278,526292.225,3377958.687,,
18:05:49.00,176.0,526066.104,3378246.802,526291.143,3377957.194,,
18:05:50.00,177.0,526065.965,3378245.283,526290.209,3377955.591,,
18:05:51.00,178.0,526065.858,3378243.761,526289.596,3377953.846,,
18:05:52.00,179.0,526065.854,3378242.235,526288.712,3377952.233,,
18:05:53.00,180.0,526065.451,3378240.766,526287.515,3377950.825,,
18:05:54.00,181.0,526064.780,3378239.401,526286.225,3377949.491,,
18:05:55.00,182.0,526064.058,3378238.057,526284.969,3377948.125,,
18:05:56.00,183.0,526063.366,3378236.697,526283.758,3377946.719,,
18:05:57.00,184.0,526062.741,3378235.306,526282.570,3377945.294,,
18:05:58.00,185.0,526062.253,3378233.863,526281.444,3377943.819,,
18:05:59.00,186.0,526061.743,3378232.428,526280.340,3377942.328,,
18:06:00.00,187.0,526061.042,3378231.079,526279.300,3377940.791,,
18:06:01.00,188.0,526060.142,3378229.855,526278.163,3377939.325,,
18:06:02.00,189.0,526059.043,3378228.797,526277.110,3377937.797,,
18:06:03.00,190.0,526057.904,3378227.783,526276.077,3377936.255,,
18:06:04.00,191.0,526056.833,3378226.696,526274.928,3377934.802,,
18:06:05.00,192.0,526055.834,3378225.543,526273.640,3377933.471,,
18:06:06.00,193.0,526054.776,3378224.444,526272.209,3377932.293,,
18:06:07.00,194.0,526053.654,3378223.411,526270.779,3377931.115,,
18:06:08.00,195.0,526052.585,3378222.328,526269.390,3377929.884,,
18:06:09.00,196.0,526051.589,3378221.172,526268.057,3377928.595,,
18:06:10.00,197.0,526050.867,3378219.852,526266.807,3377927.225,,
18:06:11.00,198.0,526050.378,3378218.408,526265.595,3377925.819,,
18:06:12.00,199.0,526049.920,3378216.954,526264.352,3377924.443,,
18:06:13.00,200.0,526049.360,3378215.535,526263.084,3377923.089,,
18:06:14.00,201.0,526048.702,3378214.159,526261.873,3377921.682,,
18:06:15.00,202.0,526047.984,3378212.812,526260.661,3377920.276,,
18:06:16.00,203.0,526047.315,3378211.441,526259.450,3377918.870,,
18:06:17.00,204.0,526046.775,3378210.018,526258.010,3377917.700,,
18:06:18.00,205.0,526046.271,3378208.578,526256.311,3377916.975,,
18:06:19.00,206.0,526045.859,3378207.111,526254.581,3377916.304,,
18:06:20.00,207.0,526045.281,3378205.706,526252.865,3377915.598,,
18:06:21.00,208.0,526044.184,3378204.645,526251.247,3377914.700,,
18:06:22.00,209.0,526043.117,3378203.557,526249.868,3377913.488,,
18:06:23.00,210.0,526042.121,3378202.401,526248.754,3377912.010,,
18:06:24.00,211.0,526041.260,3378201.146,526247.689,3377910.491,,
18:06:25.00,212.0,526040.649,3378199.755,526246.740,3377908.908,,
18:06:26.00,213.0,526040.411,3378198.255,526245.873,3377907.268,,
18:06:27.00,214.0,526040.121,3378196.759,526244.853,3377905.722,,
18:06:28.00,215.0,526039.932,3378195.246,526243.791,3377904.201,,
18:06:29.00,216.0,526039.508,3378193.792,526242.870,3377902.593,,
18:06:30.00,217.0,526038.615,3378192.555,526241.941,3377900.990,,
18:06:31.00,218.0,526037.709,3378191.327,526240.908,3377899.448,,
18:06:32.00,219.0,526036.812,3378190.093,526239.853,3377897.922,,
18:06:33.00,220.0,526036.004,3378188.799,526238.822,3377896.388,,
18:06:34.00,221.0,526035.157,3378187.534,526238.148,3377894.672,,
18:06:35.00,222.0,526034.520,3378186.149,526237.877,3377892.839,,
18:06:36.00,223.0,526034.065,3378184.696,526237.660,3377891.000,,
18:06:37.00,224.0,526033.731,3378183.207,526237.204,3377889.203,,
18:06:38.00,225.0,526033.317,3378181.740,526236.479,3377887.502,,
18:06:39.00,226.0,526032.850,3378180.287,526235.447,3377885.961,,
18:06:40.00,227.0,526032.382,3378178.835,526234.308,3377884.496,,
18:06:41.00,228.0,526032.036,3378177.355,526233.044,3377883.141,,
18:06:42.00,229.0,526032.055,3378175.840,526231.642,3377881.927,,
18:06:43.00,230.0,526031.993,3378174.326,526230.175,3377880.791,,
18:06:44.00,231.0,526031.635,3378172.844,526228.664,3377879.719,,
18:06:45.00,232.0,526030.996,3378171.476,526227.035,3377878.834,,
18:06:46.00,233.0,526030.075,3378170.266,526225.328,3377878.110,,
18:06:47.00,234.0,526029.124,3378169.074,526223.573,3377877.510,,
18:06:48.00,235.0,526028.217,3378167.846,526221.783,3377877.022,,
18:06:49.00,236.0,526027.317,3378166.614,526220.074,3377876.299,,
18:06:50.00,237.0,526026.473,3378165.345,526218.440,3377875.423,,
18:06:51.00,238.0,526025.620,3378164.081,526216.894,3377874.424,,
18:06:52.00,239.0,526024.674,3378162.885,526215.080,3377874.099,,
18:06:53.00,240.0,526023.721,3378161.694,526213.397,3377873.318,,
18:06:54.00,241.0,526022.815,3378160.467,526211.745,3377872.471,,
18:06:55.00,242.0,526021.909,3378159.239,526210.137,3377871.547,,
18:06:56.00,243.0,526021.008,3378158.008,526208.417,3377870.854,,
18:06:57.00,244.0,526020.073,3378156.803,526206.786,3377869.987,,
18:06:58.00,245.0,526019.077,3378155.647,526205.260,3377869.482,,
18:06:59.00,246.0,526018.081,3378154.491,526203.980,3377868.147,,
18:07:00.00,247.0,526017.069,3378153.350,526202.544,3377866.972,,
18:07:01.00,248.0,526015.998,3378152.263,526201.126,3377865.774,,
18:07:02.00,249.0,526014.928,3378151.175,526199.608,3377864.707,,
18:07:03.00,250.0,526013.790,3378150.159,526197.983,3377863.813,,
18:07:04.00,251.0,526012.578,3378149.234,526196.347,3377862.936,,
18:07:05.00,252.0,526011.385,3378148.284,526194.699,3377862.084,,
18:07:06.00,253.0,526010.068,3378147.529,526193.004,3377861.340,,
18:07:07.00,254.0,526008.627,3378147.032,526191.233,3377860.791,,
18:07:08.00,255.0,526007.304,3378146.339,526189.512,3377860.103,,
18:07:09.00,256.0,526006.148,3378145.343,526187.714,3377859.648,,
18:07:10.00,257.0,526004.796,3378144.671,526185.951,3377859.071,,
18:07:11.00,258.0,526003.310,3378144.369,526184.206,3377858.439,,
18:07:12.00,259.0,526001.795,3378144.186,526182.512,3377857.681,,
18:07:13.00,260.0,526000.272,3378144.130,526180.922,3377856.729,,
18:07:14.00,261.0,525998.756,3378143.979,526179.303,3377855.825,,
18:07:15.00,262.0,525997.335,3378143.449,526177.709,3377854.878,,
18:07:16.00,263.0,525995.859,3378143.073,526176.180,3377853.828,,
18:07:17.00,264.0,525994.438,3378142.524,526174.718,3377852.686,,
18:07:18.00,265.0,525993.033,3378141.930,526173.301,3377851.488,,
18:07:19.00,266.0,525991.758,3378141.157,526171.819,3377850.377,,
18:07:20.00,267.0,525990.749,3378140.013,526170.245,3377849.393,,
18:07:21.00,268.0,525989.687,3378138.917,526168.641,3377848.461,,
18:07:22.00,269.0,525988.565,3378137.883,526167.233,3377847.263,,
18:07:23.00,270.0,525987.422,3378136.873,526165.917,3377845.956,,
18:07:24.00,271.0,525986.232,3378135.920,526164.625,3377844.623,,
18:07:25.00,272.0,525984.944,3378135.109,526163.154,3377843.562,,
18:07:26.00,273.0,525983.602,3378134.384,526161.398,3377842.977,,
18:07:27.00,274.0,525982.250,3378133.681,526159.572,3377842.783,,
18:07:28.00,275.0,525980.891,3378132.994,526157.726,3377842.966,,
18:07:29.00,276.0,525979.616,3378132.160,526155.877,3377843.131,,
18:07:30.00,277.0,525978.498,3378131.136,526154.030,3377843.302,,
18:07:31.00,278.0,525977.463,3378130.016,526152.202,3377843.622,,
18:07:32.00,279.0,525976.296,3378129.060,526150.390,3377843.230,,
18:07:33.00,280.0,525974.904,3378128.458,526148.731,3377842.412,,
18:07:34.00,281.0,525973.435,3378128.058,526147.354,3377841.168,,
18:07:35.00,282.0,525972.079,3378127.372,526145.976,3377839.924,,
18:07:36.00,283.0,525971.063,3378126.260,526144.455,3377838.862,,
18:07:37.00,284.0,525969.912,3378125.280,526142.932,3377837.801,,
18:07:38.00,285.0,525968.788,3378124.254,526141.369,3377836.801,,
18:07:39.00,286.0,525967.828,3378123.073,526139.722,3377835.951,,
18:07:40.00,287.0,525966.971,3378121.811,526138.052,3377835.142,,
18:07:41.00,288.0,525966.027,3378120.623,526136.353,3377834.399,,
18:07:42.00,289.0,525965.026,3378119.479,526134.669,3377833.631,,
18:07:43.00,290.0,525964.199,3378118.197,526133.064,3377832.699,,
18:07:44.00,291.0,525963.371,3378116.915,526131.490,3377831.716,,
18:07:45.00,292.0,525962.764,3378115.516,526129.987,3377830.631,,
18:07:46.00,293.0,525962.050,3378114.168,526128.482,3377829.547,,
18:07:47.00,294.0,525961.176,3378112.920,526126.930,3377828.529,,
18:07:48.00,295.0,525960.269,3378111.692,526125.477,3377827.389,,
18:07:49.00,296.0,525959.540,3378110.358,526124.143,3377826.100,,
18:07:50.00,297.0,525958.882,3378108.981,526122.844,3377824.774,,
18:07:51.00,298.0,525958.224,3378107.605,526121.485,3377823.511,,
18:07:52.00,299.0,525957.576,3378106.224,526120.825,3377821.793,,
18:07:53.00,300.0,525957.032,3378104.798,526120.752,3377819.950,,
18:07:54.00,301.0,525956.434,3378103.394,526120.666,3377818.097,,
18:07:55.00,302.0,525955.759,3378102.027,526119.982,3377816.491,,
18:07:56.00,303.0,525954.983,3378100.715,526118.615,3377815.261,,
18:07:57.00,304.0,525954.155,3378099.433,526116.980,3377814.384,,
18:07:58.00,305.0,525953.341,3378098.143,526115.440,3377813.348,,
18:07:59.00,306.0,525952.581,3378096.820,526113.807,3377812.475,,
18:08:00.00,307.0,525951.968,3378095.423,526112.103,3377811.745,,
18:08:01.00,308.0,525951.227,3378094.095,526110.542,3377810.763,,
18:08:02.00,309.0,525950.358,3378092.842,526109.526,3377809.226,,
18:08:03.00,310.0,525949.382,3378091.677,526108.617,3377807.609,,
18:08:04.00,311.0,525948.227,3378090.680,526107.754,3377805.966,,
18:08:05.00,312.0,525947.042,3378089.718,526106.893,3377804.324,,
18:08:06.00,313.0,525945.751,3378088.910,526105.836,3377802.804,,
18:08:07.00,314.0,525944.497,3378088.047,526104.418,3377801.607,,
18:08:08.00,315.0,525943.261,3378087.155,526102.816,3377800.682,,
18:08:09.00,316.0,525942.014,3378086.280,526101.153,3377799.859,,
18:08:10.00,317.0,525940.855,3378085.289,526099.436,3377799.161,,
18:08:11.00,318.0,525939.648,3378084.355,526097.749,3377798.407,,
18:08:12.00,319.0,525938.441,3378083.421,526096.078,3377797.622,,
18:08:13.00,320.0,525937.252,3378082.465,526094.307,3377797.075,,
18:08:14.00,321.0,525936.068,3378081.503,526092.482,3377796.741,,
18:08:15.00,322.0,525934.893,3378080.530,526090.752,3377796.070,,
18:08:16.00,323.0,525933.823,3378079.443,526089.342,3377794.879,,
18:08:17.00,324.0,525932.590,3378078.547,526088.108,3377793.495,,
18:08:18.00,325.0,525931.296,3378077.740,526086.848,3377792.133,,
18:08:19.00,326.0,525929.977,3378076.974,526085.473,3377790.897,,
18:08:20.00,327.0,525928.680,3378076.175,526083.959,3377789.825,,
18:08:21.00,328.0,525927.475,3378075.239,526082.386,3377788.841,,
18:08:22.00,329.0,525926.479,3378074.083,526080.730,3377788.005,,
18:08:23.00,330.0,525925.483,3378072.927,526079.027,3377787.271,,
18:08:24.00,331.0,525924.404,3378071.852,526077.294,3377786.609,,
18:08:25.00,332.0,525923.265,3378070.836,526075.548,3377785.980,,
18:08:26.00,333.0,525922.084,3378069.874,526073.854,3377785.223,,
18:08:27.00,334.0,525920.794,3378069.061,526072.106,3377784.602,,
18:08:28.00,335.0,525919.431,3378068.387,526070.353,3377783.995,,
18:08:29.00,336.0,525917.912,3378068.237,526068.654,3377783.266,,
18:08:30.00,337.0,525916.388,3378068.202,526067.106,3377782.265,,
18:08:31.00,338.0,525914.907,3378067.909,526065.895,3377780.859,,
18:08:32.00,339.0,525913.558,3378067.246,526064.681,3377779.456,,
18:08:33.00,340.0,525912.435,3378066.234,526063.389,3377778.123,,
18:08:34.00,341.0,525911.586,3378064.966,526061.643,3377777.545,,
18:08:35.00,342.0,525910.737,3378063.699,526059.805,3377777.324,,
18:08:36.00,343.0,525909.653,3378062.657,526057.951,3377777.275,,
18:08:37.00,344.0,525908.370,3378061.835,526056.128,3377777.021,,
18:08:38.00,345.0,525907.027,3378061.113,526054.328,3377776.574,,
18:08:39.00,346.0,525905.638,3378060.480,526052.546,3377776.076,,
18:08:40.00,347.0,525904.233,3378059.886,526050.852,3377775.330,,
18:08:41.00,348.0,525902.849,3378059.244,526049.242,3377774.408,,
18:08:42.00,349.0,525901.377,3378058.864,526047.623,3377773.506,,
18:08:43.00,350.0,525899.902,3378058.478,526046.019,3377772.576,,
18:08:44.00,351.0,525898.456,3378057.997,526044.371,3377771.725,,
18:08:45.00,352.0,525897.064,3378057.380,526042.858,3377770.659,,
18:08:46.00,353.0,525895.858,3378056.446,526041.232,3377769.874,,
18:08:47.00,354.0,525894.771,3378055.377,526039.401,3377769.742,,
18:08:48.00,355.0,525893.529,3378054.510,526037.654,3377769.402,,
18:08:49.00,356.0,525892.179,3378053.802,526035.984,3377768.594,,
18:08:50.00,357.0,525890.795,3378053.159,526034.269,3377767.886,,
18:08:51.00,358.0,525889.418,3378052.504,526032.522,3377767.261,,
18:08:52.00,359.0,525888.068,3378051.791,526030.791,3377766.613,,
18:08:53.00,360.0,525886.689,3378051.139,526029.410,3377765.374,,
18:08:54.00,361.0,525885.255,3378050.624,526027.802,3377764.451,,
18:08:55.00,362.0,525883.770,3378050.305,526025.995,3377764.029,,
18:08:56.00,363.0,525882.250,3378050.205,526024.219,3377763.517,,
18:08:57.00,364.0,525880.743,3378050.354,526022.559,3377762.689,,
18:08:58.00,365.0,525879.244,3378050.567,526020.944,3377761.777,,
18:08:59.00,366.0,525877.721,3378050.624,526019.256,3377761.058,,
18:09:00.00,367.0,525876.203,3378050.780,526017.435,3377760.715,,
18:09:01.00,368.0,525874.685,3378050.915,526015.632,3377760.278,,
18:09:02.00,369.0,525873.170,3378050.736,526013.947,3377759.525,,
18:09:03.00,370.0,525871.655,3378050.557,526012.156,3377759.059,,
18:09:04.00,371.0,525870.176,3378050.184,526010.369,3377758.562,,
18:09:05.00,372.0,525868.659,3378050.016,526008.702,3377757.793,,
18:09:06.00,373.0,525867.162,3378049.727,526007.235,3377756.657,,
18:09:07.00,374.0,525865.805,3378049.082,526005.742,3377755.554,,
18:09:08.00,375.0,525864.878,3378047.955,526004.406,3377754.271,,
18:09:09.00,376.0,525864.407,3378046.511,526003.022,3377753.036,,
18:09:10.00,377.0,525864.059,3378045.025,526001.557,3377751.906,,
18:09:11.00,378.0,525863.629,3378043.565,526000.461,3377750.411,,
18:09:12.00,379.0,525863.026,3378042.163,525999.609,3377748.762,,
18:09:13.00,380.0,525862.200,3378040.883,525998.493,3377747.281,,
18:09:14.00,381.0,525861.090,3378039.883,525997.039,3377746.149,,
18:09:15.00,382.0,525859.760,3378039.156,525995.481,3377745.141,,
18:09:16.00,383.0,525858.295,3378038.729,525993.773,3377744.460,,
18:09:17.00,384.0,525856.822,3378038.330,525991.991,3377743.940,,
18:09:18.00,385.0,525855.322,3378038.135,525990.176,3377743.772,,
18:09:19.00,386.0,525853.808,3378038.019,525988.340,3377744.026,,
18:09:20.00,387.0,525852.368,3378037.589,525986.506,3377744.301,,
18:09:21.00,388.0,525851.161,3378036.655,525984.691,3377744.189,,
18:09:22.00,389.0,525850.434,3378035.314,525982.923,3377743.632,,
18:09:23.00,390.0,525849.871,3378033.898,525981.093,3377743.326,,
18:09:24.00,391.0,525849.170,3378032.546,525979.292,3377742.879,,
18:09:25.00,392.0,525848.342,3378031.267,525977.589,3377742.224,,
18:09:26.00,393.0,525847.301,3378030.176,525976.121,3377741.088,,
18:09:27.00,394.0,525845.971,3378029.487,525974.683,3377739.917,,
18:09:28.00,395.0,525844.504,3378029.078,525973.332,3377738.646,,
18:09:29.00,396.0,525843.066,3378028.576,525972.040,3377737.315,,
18:09:30.00,397.0,525841.614,3378028.121,525970.548,3377736.212,,
18:09:31.00,398.0,525840.180,3378027.617,525968.850,3377735.482,,
18:09:32.00,399.0,525838.691,3378027.280,525967.044,3377735.086,,
18:09:33.00,400.0,525837.215,3378026.913,525965.205,3377735.036,,
18:09:34.00,401.0,525835.832,3378026.270,525963.413,3377735.451,526634.592,3377877.814
18:09:35.00,402.0,525834.549,3378025.443,525961.637,3377735.977,526633.520,3377877.026
18:09:36.00,403.0,525833.187,3378024.758,525959.799,3377736.220,526632.447,3377876.238
18:09:37.00,404.0,525831.825,3378024.070,525957.953,3377736.393,526631.374,3377875.450
18:09:38.00,405.0,525830.494,3378023.329,525956.110,3377736.178,526630.302,3377874.663
18:09:39.00,406.0,525829.242,3378022.456,525954.311,3377735.743,526629.229,3377873.875
18:09:40.00,407.0,525828.012,3378021.553,525952.654,3377734.916,526628.157,3377873.087
18:09:41.00,408.0,525826.759,3378020.684,525951.117,3377733.876,526627.084,3377872.299
18:09:42.00,409.0,525825.463,3378019.878,525949.484,3377732.996,526626.011,3377871.511
18:09:43.00,410.0,525824.120,3378019.172,525947.991,3377731.899,526624.939,3377870.723
18:09:44.00,411.0,525822.631,3378018.849,525946.292,3377731.174,526623.866,3377869.935
18:09:45.00,412.0,525821.105,3378018.845,525944.556,3377730.526,526622.794,3377869.147
18:09:46.00,413.0,525819.579,3378018.841,525942.921,3377729.649,526621.721,3377868.359
18:09:47.00,414.0,525818.072,3378018.634,525941.234,3377728.875,526620.648,3377867.571
18:09:48.00,415.0,525816.628,3378018.195,525939.484,3377728.270,526619.576,3377866.783
18:09:49.00,416.0,525815.270,3378017.505,525937.841,3377727.457,526618.503,3377865.995
18:09:50.00,417.0,525813.805,3378017.078,525936.348,3377726.360,526617.431,3377865.207
18:09:51.00,418.0,525812.319,3378016.736,525934.948,3377725.142,526616.358,3377864.419
18:09:52.00,419.0,525810.951,3378016.117,525933.465,3377724.034,526615.285,3377863.631
18:09:53.00,420.0,525809.621,3378015.376,525931.945,3377722.975,526614.213,3377862.843
18:09:54.00,421.0,525808.237,3378014.733,525930.461,3377721.868,526613.140,3377862.055
18:09:55.00,422.0,525806.858,3378014.080,525928.850,3377720.948,526612.068,3377861.267
18:09:56.00,423.0,525805.510,3378013.367,525927.156,3377720.191,526610.995,3377860.479
18:09:57.00,424.0,525804.227,3378012.540,525925.607,3377719.177,526609.922,3377859.691
18:09:58.00,425.0,525802.846,3378011.893,525923.990,3377718.271,526608.850,3377858.903
18:09:59.00,426.0,525801.415,3378011.366,525922.247,3377717.656,526607.777,3377858.115
18:10:00.00,427.0,525799.937,3378010.996,525920.449,3377717.200,526606.705,3377857.327
18:10:01.00,428.0,525798.442,3378010.693,525918.716,3377716.548,526605.632,3377856.539
18:10:02.00,429.0,525796.938,3378010.438,525917.145,3377715.575,526604.559,3377855.751
18:10:03.00,430.0,525795.420,3378010.288,525915.679,3377714.439,526603.487,3377854.963
18:10:04.00,431.0,525793.894,3378010.284,525914.191,3377713.332,526602.414,3377854.175
18:10:05.00,432.0,525792.400,3378010.056,525912.644,3377712.308,526601.342,3377853.387
18:10:06.00,433.0,525790.945,3378009.601,525911.076,3377711.315,526600.269,3377852.599
18:10:07.00,434.0,525789.522,3378009.049,525909.522,3377710.302,526599.196,3377851.811
18:10:08.00,435.0,525788.164,3378008.357,525907.939,3377709.363,526598.124,3377851.023
18:10:09.00,436.0,525786.782,3378007.712,525906.170,3377708.801,526597.051,3377850.235
18:10:10.00,437.0,525785.384,3378007.102,525904.392,3377708.276,526595.979,3377849.448
18:10:11.00,438.0,525783.991,3378006.482,525902.570,3377707.943,526594.906,3377848.660
18:10:12.00,439.0,525782.551,3378005.976,525900.720,3377707.821,526593.833,3377847.872
18:10:13.00,440.0,525781.124,3378005.444,525898.886,3377707.661,526592.761,3377847.084
18:10:14.00,441.0,525779.605,3378005.294,525897.130,3377707.077,526591.688,3377846.296
18:10:15.00,442.0,525778.081,3378005.260,525895.473,3377706.246,526590.616,3377845.508
18:10:16.00,443.0,525776.555,3378005.256,525894.013,3377705.106,526589.543,3377844.720
18:10:17.00,444.0,525775.036,3378005.131,525892.773,3377703.732,526588.470,3377843.932
18:10:18.00,445.0,525773.536,3378004.865,525891.393,3377702.970,526587.398,3377843.144
18:10:19.00,446.0,525772.046,3378004.534,525889.750,3377702.172,526586.325,3377842.356
18:10:20.00,447.0,525770.584,3378004.108,525888.326,3377700.987,526585.253,3377841.568
18:10:21.00,448.0,525769.254,3378003.399,525886.794,3377699.942,526584.180,3377840.780
18:10:22.00,449.0,525768.018,3378002.513,525885.351,3377698.776,526583.107,3377839.992
18:10:23.00,450.0,525766.713,3378001.724,525883.856,3377697.682,526582.035,3377839.204
18:10:24.00,451.0,525765.461,3378000.852,525882.220,3377696.809,526580.962,3377838.416
18:10:25.00,452.0,525764.065,3378000.240,525880.606,3377695.892,526579.890,3377837.628
18:10:26.00,453.0,525762.675,3377999.612,525878.972,3377695.013,526578.817,3377836.840
18:10:27.00,454.0,525761.291,3377998.968,525877.435,3377693.972,526577.744,3377836.052
18:10:28.00,455.0,525759.869,3377998.437,525875.919,3377692.902,526576.672,3377835.264
18:10:29.00,456.0,525758.397,3377998.043,525874.387,3377691.857,526575.599,3377834.476
18:10:30.00,457.0,525756.963,3377997.522,525872.846,3377690.826,526574.526,3377833.688
18:10:31.00,458.0,525755.558,3377996.928,525871.427,3377689.635,526573.454,3377832.900
18:10:32.00,459.0,525754.070,3377996.595,525870.153,3377688.287,526572.381,3377832.112
18:10:33.00,460.0,525752.559,3377996.396,525868.918,3377686.903,526571.309,3377831.324
18:10:34.00,461.0,525751.041,3377996.233,525867.555,3377685.653,526570.236,3377830.536
18:10:35.00,462.0,525749.584,3377995.855,525866.013,3377684.622,526569.163,3377829.748
18:10:36.00,463.0,525748.230,3377995.157,525864.400,3377683.705,526568.091,3377828.960
18:10:37.00,464.0,525746.942,3377994.340,525862.733,3377683.056,526567.018,3377828.172
18:10:38.00,465.0,525745.622,3377993.574,525860.947,3377683.557,526565.946,3377827.384
18:10:39.00,466.0,525744.338,3377992.749,525859.505,3377684.663,526564.873,3377826.596
18:10:40.00,467.0,525743.167,3377991.775,525857.723,3377684.645,526563.800,3377825.808
18:10:41.00,468.0,525742.030,3377990.758,525855.964,3377684.064,526562.728,3377825.020
18:10:42.00,469.0,525740.841,3377989.805,525854.196,3377683.500,526561.655,3377824.233
18:10:43.00,470.0,525739.583,3377988.941,525852.449,3377682.875,526560.583,3377823.445
18:10:44.00,471.0,525738.285,3377988.161,525850.673,3377682.338,526559.510,3377822.657
18:10:45.00,472.0,525736.767,3377987.998,525849.077,3377681.424,526558.437,3377821.869
18:10:46.00,473.0,525735.279,3377987.667,525847.505,3377680.438,526557.365,3377821.081
18:10:47.00,474.0,525733.846,3377987.149,525845.809,3377679.719,526556.292,3377820.293
18:10:48.00,475.0,525732.408,3377986.638,525844.041,3377679.159,526555.195,3377819.539
18:10:49.00,476.0,525731.055,3377985.946,525842.311,3377678.489,526554.087,3377818.803
18:10:50.00,477.0,525729.691,3377985.267,525840.673,3377677.631,526552.978,3377818.066
18:10:51.00,478.0,525728.318,3377984.612,525839.024,3377676.818,526551.870,3377817.330
18:10:52.00,479.0,525727.063,3377983.751,525837.264,3377676.237,526550.761,3377816.593
18:10:53.00,480.0,525725.976,3377982.681,525835.646,3377675.371,526549.653,3377815.856
18:10:54.00,481.0,525724.843,3377981.658,525834.283,3377674.112,526548.544,3377815.120
18:10:55.00,482.0,525723.966,3377980.419,525832.874,3377672.919,526547.436,3377814.383
18:10:56.00,483.0,525723.184,3377979.108,525831.257,3377672.017,526546.327,3377813.647
18:10:57.00,484.0,525722.468,3377977.762,525829.574,3377671.234,526545.219,3377812.910
18:10:58.00,485.0,525721.810,3377976.386,525827.982,3377670.295,526544.110,3377812.173
18:10:59.00,486.0,525721.152,3377975.009,525826.459,3377669.234,526543.002,3377811.437
18:11:00.00,487.0,525720.451,3377973.653,525824.962,3377668.138,526541.893,3377810.700
18:11:01.00,488.0,525719.851,3377972.253,525823.428,3377667.102,526540.785,3377809.964
18:11:02.00,489.0,525719.479,3377970.785,525821.761,3377666.299,526539.676,3377809.227
18:11:03.00,490.0,525719.788,3377969.342,525819.995,3377665.750,526538.568,3377808.491
18:11:04.00,491.0,525720.429,3377967.957,525818.182,3377665.358,526537.459,3377807.754
18:11:05.00,492.0,525720.904,3377966.531,525816.597,3377664.491,526536.351,3377807.017
18:11:06.00,493.0,525720.979,3377965.015,525815.173,3377663.302,526535.242,3377806.281
18:11:07.00,494.0,525720.688,3377963.517,525813.583,3377662.388,526534.134,3377805.544
18:11:08.00,495.0,525720.214,3377962.068,525811.832,3377661.779,526533.025,3377804.808
18:11:09.00,496.0,525719.307,3377960.841,525810.050,3377661.260,526531.917,3377804.071
18:11:10.00,497.0,525718.069,3377959.954,525808.269,3377660.741,526530.808,3377803.334
18:11:11.00,498.0,525716.652,3377959.463,525806.533,3377660.086,526529.699,3377802.598
18:11:12.00,499.0,525715.213,3377959.630,525804.886,3377659.250,526528.591,3377801.861
18:11:13.00,500.0,525713.819,3377960.250,525803.336,3377658.231,526527.482,3377801.125
18:11:14.00,501.0,525712.401,3377960.806,525801.813,3377657.170,526526.374,3377800.388
18:11:15.00,502.0,525710.902,3377961.091,525800.338,3377656.050,526525.265,3377799.652
18:11:16.00,503.0,525709.403,3377961.376,525798.962,3377654.806,526524.157,3377798.915
18:11:17.00,504.0,525707.893,3377961.431,525797.469,3377653.704,526523.048,3377798.178
18:11:18.00,505.0,525706.383,3377961.241,525795.948,3377652.640,526521.940,3377797.442
18:11:19.00,506.0,525704.918,3377960.815,525794.385,3377651.640,526520.831,3377796.705
18:11:20.00,507.0,525703.504,3377960.243,525792.738,3377650.790,526519.723,3377795.969
18:11:21.00,508.0,525702.130,3377959.583,525791.068,3377649.981,526518.614,3377795.232
18:11:22.00,509.0,525700.774,3377958.883,525789.361,3377649.261,526517.506,3377794.495
18:11:23.00,510.0,525699.436,3377958.150,525787.629,3377648.596,526516.397,3377793.759
18:11:24.00,511.0,525698.206,3377957.259,525785.932,3377647.845,526515.289,3377793.022
18:11:25.00,512.0,525697.084,3377956.226,525784.202,3377647.174,526514.180,3377792.286
18:11:26.00,513.0,525695.925,3377955.246,525782.529,3377646.370,526513.072,3377791.549
18:11:27.00,514.0,525694.642,3377954.419,525780.779,3377645.762,526511.963,3377790.813
18:11:28.00,515.0,525693.377,3377953.569,525779.279,3377644.702,526510.855,3377790.076
18:11:29.00,516.0,525692.211,3377952.584,525777.945,3377643.417,526509.746,3377789.339
18:11:30.00,517.0,525691.204,3377951.450,525776.602,3377642.138,526508.638,3377788.603
18:11:31.00,518.0,525690.324,3377950.204,525775.155,3377640.980,526507.529,3377787.866
18:11:32.00,519.0,525689.472,3377948.940,525773.550,3377641.211,526506.421,3377787.130
18:11:33.00,520.0,525688.534,3377947.741,525771.752,3377640.946,526505.312,3377786.393
18:11:34.00,521.0,525687.282,3377946.869,525770.475,3377639.628,526504.204,3377785.656
18:11:35.00,522.0,525685.954,3377946.121,525768.946,3377638.583,526503.095,3377784.920
18:11:36.00,523.0,525684.588,3377945.442,525767.398,3377637.561,526501.987,3377784.183
18:11:37.00,524.0,525683.197,3377944.815,525765.951,3377636.415,526500.878,3377783.447
18:11:38.00,525.0,525681.788,3377944.230,525764.612,3377635.163,526499.769,3377782.710
18:11:39.00,526.0,525680.334,3377943.768,525763.080,3377634.123,526498.661,3377781.973
18:11:40.00,527.0,525678.825,3377943.566,525761.594,3377633.013,526497.552,3377781.237
18:11:41.00,528.0,525677.309,3377943.640,525759.917,3377632.257,526496.444,3377780.500
18:11:42.00,529.0,525675.831,3377943.997,525758.105,3377631.888,526495.335,3377779.764
18:11:43.00,530.0,525674.375,3377944.452,525756.343,3377631.307,526494.227,3377779.027
18:11:44.00,531.0,525672.910,3377944.873,525754.649,3377630.550,526493.118,3377778.291
18:11:45.00,532.0,525671.416,3377945.184,525752.976,3377629.747,526492.010,3377777.554
18:11:46.00,533.0,525669.928,3377945.524,525751.306,3377628.938,526490.901,3377776.817
18:11:47.00,534.0,525668.413,3377945.354,525749.673,3377628.059,526489.793,3377776.081
18:11:48.00,535.0,525666.955,3377944.912,525748.068,3377627.127,526488.684,3377775.344
18:11:49.00,536.0,525665.598,3377944.231,525746.597,3377626.011,526487.576,3377774.608
18:11:50.00,537.0,525664.306,3377943.418,525744.978,3377625.252,526486.467,3377773.871
18:11:51.00,538.0,525662.982,3377942.664,525743.211,3377624.716,526485.359,3377773.134
18:11:52.00,539.0,525661.598,3377942.034,525741.614,3377623.801,526484.250,3377772.398
18:11:53.00,540.0,525660.140,3377941.586,525740.164,3377622.645,526483.142,3377771.661
18:11:54.00,541.0,525658.656,3377941.232,525738.804,3377621.383,526482.033,3377770.925
18:11:55.00,542.0,525657.215,3377940.729,525737.411,3377620.157,526480.925,3377770.188
18:11:56.00,543.0,525655.828,3377940.094,525736.081,3377618.863,526479.816,3377769.452
18:11:57.00,544.0,525654.427,3377939.489,525734.654,3377617.691,526478.708,3377768.715
18:11:58.00,545.0,525653.104,3377938.747,525733.119,3377616.687,526477.599,3377767.978
18:11:59.00,546.0,525651.852,3377937.874,525731.804,3377615.397,526476.491,3377767.242
18:12:00.00,547.0,525650.600,3377937.002,525730.068,3377614.747,526475.382,3377766.505
18:12:01.00,548.0,525649.414,3377936.041,525728.490,3377613.791,526474.274,3377765.769
18:12:02.00,549.0,525648.263,3377935.041,525727.227,3377612.452,526473.165,3377765.032
18:12:03.00,550.0,525647.118,3377934.032,525726.266,3377610.869,526472.056,3377764.295
18:12:04.00,551.0,525645.952,3377933.048,525725.473,3377609.192,526470.948,3377763.559
18:12:05.00,552.0,525644.680,3377932.208,525724.621,3377607.543,526469.839,3377762.822
18:12:06.00,553.0,525643.349,3377931.468,525723.712,3377605.933,526468.731,3377762.086
18:12:07.00,554.0,525641.978,3377930.798,525722.235,3377604.818,526467.622,3377761.349
18:12:08.00,555.0,525640.628,3377930.085,525720.554,3377604.043,526466.514,3377760.613
18:12:09.00,556.0,525639.234,3377929.468,525718.939,3377603.136,526465.405,3377759.876
18:12:10.00,557.0,525637.802,3377928.947,525717.613,3377601.878,526464.297,3377759.139
18:12:11.00,558.0,525636.326,3377928.588,525716.664,3377600.294,526463.188,3377758.403
18:12:12.00,559.0,525634.814,3377928.390,525715.836,3377598.633,526462.080,3377757.666
18:12:13.00,560.0,525633.335,3377928.021,525714.985,3377596.984,526460.971,3377756.930
18:12:14.00,561.0,525631.923,3377927.447,525714.102,3377595.353,526459.863,3377756.193
18:12:15.00,562.0,525630.604,3377926.681,525713.149,3377593.761,526458.754,3377755.456
18:12:16.00,563.0,525629.317,3377925.861,525712.232,3377592.147,526457.646,3377754.720
18:12:17.00,564.0,525628.093,3377924.951,525711.380,3377590.498,526456.537,3377753.983
18:12:18.00,565.0,525626.919,3377923.978,525710.259,3377589.020,526455.429,3377753.247
18:12:19.00,566.0,525625.632,3377923.211,525708.868,3377587.803,526454.320,3377752.510
18:12:20.00,567.0,525624.191,3377922.708,525707.543,3377586.507,526453.212,3377751.773
18:12:21.00,568.0,525622.761,3377922.178,525706.260,3377585.167,526452.103,3377751.037
18:12:22.00,569.0,525621.367,3377921.556,525704.957,3377583.846,526450.995,3377750.300
18:12:23.00,570.0,525620.002,3377920.879,525703.584,3377582.600,526449.886,3377749.564
18:12:24.00,571.0,525618.712,3377920.067,525702.047,3377581.559,526448.778,3377748.827
18:12:25.00,572.0,525617.307,3377919.472,525700.454,3377580.609,526447.669,3377748.091
18:12:26.00,573.0,525616.040,3377918.632,525698.880,3377579.626,526446.561,3377747.354
18:12:27.00,574.0,525614.845,3377917.685,525697.196,3377578.863,526445.452,3377746.617
18:12:28.00,575.0,525613.683,3377916.696,525695.610,3377577.930,526444.343,3377745.881
18:12:29.00,576.0,525612.601,3377915.631,525694.050,3377576.935,526443.235,3377745.144
18:12:30.00,577.0,525611.771,3377914.350,525692.595,3377575.820,526442.126,3377744.408
18:12:31.00,578.0,525610.775,3377913.194,525691.409,3377574.399,526441.018,3377743.671
18:12:32.00,579.0,525610.080,3377911.842,525690.347,3377572.878,526439.909,3377742.934
18:12:33.00,580.0,525609.306,3377910.530,525689.278,3377571.373,526438.801,3377742.198
18:12:34.00,581.0,525608.568,3377909.198,525687.956,3377570.083,526437.692,3377741.461
18:12:35.00,582.0,525607.831,3377907.869,525687.419,3377568.400,526436.584,3377740.725
18:12:36.00,583.0,525606.901,3377906.660,525686.481,3377566.833,526435.475,3377739.988
18:12:37.00,584.0,525605.868,3377905.544,525685.094,3377565.610,526434.367,3377739.252
18:12:38.00,585.0,525604.616,3377904.672,525683.490,3377564.716,526433.258,3377738.515
18:12:39.00,586.0,525603.338,3377903.839,525681.705,3377564.214,526432.150,3377737.778
18:12:40.00,587.0,525602.078,3377902.978,525679.929,3377563.703,526431.041,3377737.042
18:12:41.00,588.0,525600.907,3377902.010,525678.303,3377562.838,526429.933,3377736.305
18:12:42.00,589.0,525599.803,3377900.957,525676.868,3377561.663,526428.824,3377735.569
18:12:43.00,590.0,525598.681,3377899.923,525675.370,3377560.623,526427.716,3377734.832
18:12:44.00,591.0,525597.610,3377898.836,525673.684,3377559.870,526426.607,3377734.095
18:12:45.00,592.0,525596.406,3377897.899,525672.093,3377558.915,526425.499,3377733.359
18:12:46.00,593.0,525595.243,3377896.911,525670.503,3377557.959,526424.390,3377732.622
18:12:47.00,594.0,525594.035,3377895.982,525668.912,3377557.003,526423.282,3377731.886
18:12:48.00,595.0,525592.800,3377895.086,525667.321,3377556.048,526422.173,3377731.149
18:12:49.00,596.0,525591.617,3377894.124,525665.730,3377555.092,526421.065,3377730.412
18:12:50.00,597.0,525590.501,3377893.085,525664.192,3377554.057,526419.956,3377729.676
18:12:51.00,598.0,525589.460,3377891.971,525662.484,3377553.385,526418.848,3377728.939
18:12:52.00,599.0,525588.649,3377890.711,525660.775,3377552.662,526417.739,3377728.203
18:12:53.00,600.0,525588.198,3377889.254,525659.003,3377552.245,526416.631,3377727.466
18:12:54.00,601.0,525587.778,3377887.787,525657.467,3377551.205,526415.522,3377726.730
18:12:55.00,602.0,525587.332,3377886.332,525655.927,3377550.180,526414.413,3377725.993
18:12:56.00,603.0,525586.504,3377885.050,525654.292,3377549.385,526413.305,3377725.256
18:12:57.00,604.0,525585.445,3377883.955,525652.462,3377549.174,526412.196,3377724.520
18:12:58.00,605.0,525584.281,3377882.969,525650.616,3377549.309,526411.088,3377723.783
18:12:59.00,606.0,525582.834,3377882.527,525648.906,3377548.675,526409.979,3377723.047
18:13:00.00,607.0,525581.308,3377882.523,525647.167,3377548.028,526408.871,3377722.310
18:13:01.00,608.0,525579.800,3377882.686,525645.414,3377547.449,526407.762,3377721.573
18:13:02.00,609.0,525578.313,3377883.026,525643.558,3377547.445,526406.654,3377720.837
18:13:03.00,610.0,525576.816,3377883.309,525641.760,3377547.136,526405.545,3377720.100
18:13:04.00,611.0,525575.299,3377883.388,525640.073,3377546.368,526404.437,3377719.364
18:13:05.00,612.0,525573.796,3377883.171,525638.471,3377545.452,526403.328,3377718.627
18:13:06.00,613.0,525572.398,3377882.562,525636.925,3377544.490,526402.220,3377717.891
18:13:07.00,614.0,525571.011,3377881.925,525635.479,3377543.328,526401.111,3377717.154
18:13:08.00,615.0,525569.630,3377881.289,525633.827,3377542.520,526400.003,3377716.417
18:13:09.00,616.0,525568.148,3377881.084,525632.057,3377541.971,526398.894,3377715.681
18:13:10.00,617.0,525566.629,3377881.195,525630.494,3377541.024,526397.786,3377714.944
18:13:11.00,618.0,525565.107,3377881.273,525629.333,3377539.584,526396.677,3377714.208
18:13:12.00,619.0,525563.639,3377881.123,525627.876,3377538.459,526395.569,3377713.471
18:13:13.00,620.0,525562.280,3377880.436,525626.249,3377537.566,526394.460,3377712.734
18:13:14.00,621.0,525561.133,3377879.442,525624.484,3377537.077,526393.352,3377711.998
18:13:15.00,622.0,525559.869,3377878.591,525622.732,3377537.623,526392.243,3377711.261
18:13:16.00,623.0,525558.624,3377877.710,525620.889,3377537.818,526391.135,3377710.525
18:13:17.00,624.0,525557.326,3377876.911,525619.113,3377538.346,526390.026,3377709.788
18:13:18.00,625.0,525555.956,3377876.240,525617.263,3377538.495,526388.918,3377709.052
18:13:19.00,626.0,525554.548,3377875.654,525615.430,3377538.256,526387.809,3377708.315
18:13:20.00,627.0,525553.115,3377875.132,525613.741,3377537.555,526386.700,3377707.578
18:13:21.00,628.0,525551.683,3377874.604,525612.281,3377536.426,526385.592,3377706.842
18:13:22.00,629.0,525550.311,3377873.947,525611.051,3377535.046,526384.483,3377706.105
18:13:23.00,630.0,525548.928,3377873.319,525609.934,3377533.564,526383.375,3377705.369
18:13:24.00,631.0,525547.502,3377872.778,525608.965,3377531.987,526382.266,3377704.632
18:13:25.00,632.0,525546.100,3377872.175,525608.031,3377530.383,526381.158,3377703.895
18:13:26.00,633.0,525544.715,3377871.536,525606.940,3377528.890,526380.049,3377703.159
18:13:27.00,634.0,525543.218,3377871.244,525605.582,3377527.647,526378.941,3377702.422
18:13:28.00,635.0,525541.752,3377870.828,525604.009,3377526.669,526377.832,3377701.686
18:13:29.00,636.0,525540.368,3377870.207,525602.318,3377525.925,526376.724,3377700.949
18:13:30.00,637.0,525539.063,3377869.416,525600.525,3377525.452,526375.615,3377700.212
18:13:31.00,638.0,525537.737,3377868.674,525598.699,3377525.127,526374.507,3377699.476
18:13:32.00,639.0,525536.312,3377868.131,525596.866,3377524.850,526373.398,3377698.739
18:13:33.00,640.0,525534.924,3377867.507,525595.092,3377524.333,526372.290,3377698.003
18:13:34.00,641.0,525533.569,3377866.847,525593.347,3377523.719,526371.181,3377697.266
18:13:35.00,642.0,525532.212,3377866.182,525591.536,3377523.314,526370.073,3377696.530
18:13:36.00,643.0,525530.754,3377865.741,525589.705,3377523.032,526368.964,3377695.793
18:13:37.00,644.0,525529.245,3377865.511,525587.863,3377522.809,526367.856,3377695.056
18:13:38.00,645.0,525527.749,3377865.227,525586.049,3377522.421,526366.747,3377694.320
18:13:39.00,646.0,525526.311,3377864.732,525584.462,3377521.480,526365.639,3377693.583
18:13:40.00,647.0,525524.912,3377864.122,525582.973,3377520.375,526364.530,3377692.847
18:13:41.00,648.0,525523.451,3377863.708,525581.582,3377519.149,526363.422,3377692.110
18:13:42.00,649.0,525521.948,3377863.449,525580.037,3377518.123,526362.313,3377691.373
18:13:43.00,650.0,525520.437,3377863.238,525578.552,3377517.012,526361.205,3377690.637
18:13:44.00,651.0,525518.916,3377863.167,525576.984,3377516.019,526360.096,3377689.900
18:13:45.00,652.0,525517.398,3377863.032,525575.416,3377515.026,526358.988,3377689.164
18:13:46.00,653.0,525515.909,3377862.712,525573.681,3377514.377,526357.879,3377688.427
18:13:47.00,654.0,525514.405,3377862.476,525571.859,3377514.082,526356.770,3377687.691
18:13:48.00,655.0,525512.909,3377862.186,525570.013,3377513.888,526355.662,3377686.954
18:13:49.00,656.0,525511.521,3377861.591,525568.207,3377514.197,526354.553,3377686.217
18:13:50.00,657.0,525510.573,3377860.416,525566.418,3377514.693,526353.445,3377685.481
18:13:51.00,658.0,525509.767,3377859.127,525564.614,3377515.118,526352.336,3377684.744
18:13:52.00,659.0,525509.048,3377857.789,525562.776,3377515.301,526351.228,3377684.008
18:13:53.00,660.0,525507.897,3377856.823,525561.058,3377514.849,526350.119,3377683.271
18:13:54.00,661.0,525506.616,3377855.993,525559.524,3377513.804,526349.011,3377682.534
18:13:55.00,662.0,525505.168,3377855.634,525558.018,3377512.722,526347.902,3377681.798
18:13:56.00,663.0,525503.647,3377855.559,525556.603,3377511.522,526346.794,3377681.061
18:13:57.00,664.0,525502.121,3377855.555,525555.129,3377510.394,526345.685,3377680.325
18:13:58.00,665.0,525500.595,3377855.551,525553.647,3377509.279,526344.577,3377679.588
18:13:59.00,666.0,525499.069,3377855.548,525552.301,3377508.001,526343.468,3377678.852
18:14:00.00,667.0,525497.571,3377855.349,525551.253,3377506.484,526342.360,3377678.115
18:14:01.00,668.0,525496.382,3377854.494,525550.430,3377504.825,526341.251,3377677.378
18:14:02.00,669.0,525495.469,3377853.272,525549.662,3377503.136,526340.143,3377676.642
18:14:03.00,670.0,525494.728,3377851.940,525548.754,3377501.523,526339.034,3377675.905
18:14:04.00,671.0,525494.100,3377850.550,525547.462,3377500.234,526337.925,3377675.169
18:14:05.00,672.0,525493.597,3377849.111,525546.005,3377499.086,526336.814,3377674.437
18:14:06.00,673.0,525493.235,3377847.630,525544.344,3377498.350,526335.702,3377673.705
18:14:07.00,674.0,525492.765,3377846.182,525542.510,3377498.087,526334.590,3377672.974
18:14:08.00,675.0,525492.014,3377844.859,525540.663,3377497.903,526333.479,3377672.242
18:14:09.00,676.0,525491.191,3377843.574,525538.840,3377497.564,526332.367,3377671.510
18:14:10.00,677.0,525490.321,3377842.321,525536.997,3377497.676,526331.255,3377670.778
18:14:11.00,678.0,525489.229,3377841.266,525535.185,3377497.316,526330.143,3377670.047
18:14:12.00,679.0,525488.078,3377840.264,525533.353,3377497.032,526329.032,3377669.315
18:14:13.00,680.0,525486.880,3377839.321,525531.533,3377496.682,526327.920,3377668.583
18:14:14.00,681.0,525485.677,3377838.384,525529.806,3377496.116,526326.808,3377667.851
18:14:15.00,682.0,525484.484,3377837.433,525528.038,3377495.989,526325.697,3377667.120
18:14:16.00,683.0,525483.232,3377836.562,525526.196,3377496.172,526324.585,3377666.388
18:14:17.00,684.0,525481.886,3377835.847,525524.397,3377495.716,526323.473,3377665.656
18:14:18.00,685.0,525480.443,3377835.372,525522.744,3377495.001,526322.361,3377664.924
18:14:19.00,686.0,525478.924,3377835.316,525521.295,3377493.855,526321.250,3377664.193
18:14:20.00,687.0,525477.517,3377834.771,525519.643,3377493.026,526320.138,3377663.461
18:14:21.00,688.0,525476.301,3377833.851,525517.853,3377492.583,526319.026,3377662.729
18:14:22.00,689.0,525475.158,3377832.840,525516.003,3377492.473,526317.915,3377661.997
18:14:23.00,690.0,525474.088,3377831.753,525514.171,3377492.257,526316.803,3377661.266
18:14:24.00,691.0,525473.017,3377830.666,525512.364,3377491.835,526315.691,3377660.534
18:14:25.00,692.0,525471.947,3377829.578,525510.598,3377491.272,526314.579,3377659.802
18:14:26.00,693.0,525470.964,3377828.416,525508.832,3377490.702,526313.468,3377659.070
18:14:27.00,694.0,525470.108,3377827.154,525507.031,3377490.257,526312.356,3377658.339
18:14:28.00,695.0,525469.309,3377825.855,525505.187,3377490.415,526311.244,3377657.607
18:14:29.00,696.0,525468.414,3377824.625,525503.418,3377489.856,526310.133,3377656.875
18:14:30.00,697.0,525467.307,3377823.585,525501.651,3377489.312,526309.021,3377656.143
18:14:31.00,698.0,525466.063,3377822.708,525499.938,3377488.677,526307.909,3377655.411
18:14:32.00,699.0,525464.901,3377821.767,525498.092,3377488.625,526306.797,3377654.680
18:14:33.00,700.0,525464.090,3377820.479,525496.328,3377489.093,526305.686,3377653.948
18:14:34.00,701.0,525463.266,3377819.205,525494.812,3377490.141,526304.574,3377653.216
18:14:35.00,702.0,525462.312,3377818.017,525493.641,3377491.561,526303.462,3377652.484
18:14:36.00,703.0,525461.453,3377816.762,525492.228,3377492.647,526302.351,3377651.753
18:14:37.00,704.0,525460.302,3377815.760,525490.500,3377493.323,526301.239,3377651.021
18:14:38.00,705.0,525459.309,3377814.602,525488.990,3377492.366,526300.127,3377650.289
18:14:39.00,706.0,525458.521,3377813.298,525488.712,3377490.615,526299.016,3377649.557
18:14:40.00,707.0,525458.101,3377811.831,525488.577,3377488.765,526297.904,3377648.826
18:14:41.00,708.0,525457.613,3377810.385,525488.309,3377486.929,526296.792,3377648.094
18:14:42.00,709.0,525456.900,3377809.050,525487.591,3377485.237,526295.680,3377647.362
18:14:43.00,710.0,525455.943,3377807.883,525486.450,3377483.798,526294.569,3377646.630
18:14:44.00,711.0,525454.717,3377806.981,525485.155,3377482.469,526293.457,3377645.899
18:14:45.00,712.0,525453.333,3377806.338,525484.047,3377480.994,526292.345,3377645.167
18:14:46.00,713.0,525452.011,3377805.577,525483.406,3377479.304,526291.234,3377644.435
18:14:47.00,714.0,525450.643,3377804.903,525483.145,3377477.476,526290.122,3377643.703
18:14:48.00,715.0,525449.348,3377804.109,525482.499,3377475.757,526289.010,3377642.972
18:14:49.00,716.0,525448.190,3377803.121,525481.260,3377474.381,526287.898,3377642.240
18:14:50.00,717.0,525446.909,3377802.321,525479.727,3377473.341,526286.787,3377641.508
18:14:51.00,718.0,525445.583,3377801.567,525477.959,3377472.776,526285.675,3377640.776
18:14:52.00,719.0,525444.297,3377800.745,525476.212,3377472.151,526284.563,3377640.045
18:14:53.00,720.0,525443.052,3377799.865,525474.619,3377471.210,526283.452,3377639.313
18:14:54.00,721.0,525441.838,3377798.940,525473.192,3377470.032,526282.340,3377638.581
18:14:55.00,722.0,525440.662,3377797.969,525471.656,3377469.005,526281.228,3377637.849
18:14:56.00,723.0,525439.542,3377796.934,525470.029,3377468.113,526280.116,3377637.117
18:14:57.00,724.0,525438.389,3377795.942,525468.431,3377467.173,526279.005,3377636.386
18:14:58.00,725.0,525437.128,3377795.084,525466.737,3377466.490,526277.893,3377635.654
18:14:59.00,726.0,525435.791,3377794.355,525464.926,3377466.084,526276.781,3377634.922
18:15:00.00,727.0,525434.391,3377793.759,525463.387,3377465.138,526275.670,3377634.190
18:15:01.00,728.0,525433.117,3377792.922,525461.889,3377464.052,526274.558,3377633.459
18:15:02.00,729.0,525432.035,3377791.846,525460.657,3377462.710,526273.446,3377632.727
18:15:03.00,730.0,525430.953,3377790.769,525458.929,3377462.233,526272.334,3377631.995
18:15:04.00,731.0,525429.871,3377789.693,525457.156,3377462.424,526271.223,3377631.263
18:15:05.00,732.0,525428.724,3377788.687,525455.366,3377461.938,526270.111,3377630.532
18:15:06.00,733.0,525427.527,3377787.742,525453.641,3377461.265,526268.999,3377629.800
18:15:07.00,734.0,525426.400,3377786.716,525451.831,3377460.871,526267.888,3377629.068
18:15:08.00,735.0,525425.426,3377785.548,525449.989,3377460.651,526266.776,3377628.336
18:15:09.00,736.0,525424.337,3377784.505,525448.637,3377459.604,526265.664,3377627.605
18:15:10.00,737.0,525423.102,3377783.609,525447.722,3377458.028,526264.552,3377626.873
18:15:11.00,738.0,525421.825,3377782.776,525446.932,3377456.366,526263.441,3377626.141
18:15:12.00,739.0,525420.506,3377782.010,525445.746,3377454.968,526262.329,3377625.409
18:15:13.00,740.0,525419.166,3377781.280,525444.155,3377454.083,526261.217,3377624.678
18:15:14.00,741.0,525417.810,3377780.580,525442.324,3377453.883,526260.106,3377623.946
18:15:15.00,742.0,525416.455,3377779.880,525440.475,3377454.016,526258.994,3377623.214
18:15:16.00,743.0,525415.144,3377779.106,525438.631,3377454.221,526257.882,3377622.482
18:15:17.00,744.0,525413.929,3377778.184,525436.812,3377453.898,526256.771,3377621.750
18:15:18.00,745.0,525412.755,3377777.210,525435.234,3377452.938,526255.659,3377621.019
18:15:19.00,746.0,525411.566,3377776.254,525433.943,3377451.606,526254.547,3377620.287
18:15:20.00,747.0,525410.317,3377775.378,525433.019,3377450.004,526253.435,3377619.555
18:15:21.00,748.0,525409.009,3377774.593,525432.412,3377448.251,526252.324,3377618.823
18:15:22.00,749.0,525407.948,3377773.516,525431.692,3377446.541,526251.212,3377618.092
18:15:23.00,750.0,525407.180,3377772.203,525430.982,3377444.834,526250.100,3377617.360
18:15:24.00,751.0,525406.545,3377770.817,525429.817,3377443.403,526248.989,3377616.628
18:15:25.00,752.0,525405.736,3377769.534,525428.212,3377442.505,526247.877,3377615.896
18:15:26.00,753.0,525404.774,3377768.351,525426.393,3377442.151,526246.765,3377615.165
18:15:27.00,754.0,525403.817,3377767.163,525424.575,3377441.826,526245.653,3377614.433
18:15:28.00,755.0,525402.902,3377765.942,525422.806,3377441.264,526244.542,3377613.701
18:15:29.00,756.0,525402.021,3377764.698,525421.108,3377440.550,526243.430,3377612.969
18:15:30.00,757.0,525401.196,3377763.415,525419.538,3377439.561,526242.318,3377612.238
18:15:31.00,758.0,525400.257,3377762.215,525418.045,3377438.458,526241.207,3377611.506
18:15:32.00,759.0,525399.175,3377761.139,525416.440,3377437.542,526240.095,3377610.774
18:15:33.00,760.0,525398.093,3377760.063,525414.671,3377437.067,526238.983,3377610.042
18:15:34.00,761.0,525397.019,3377758.980,525413.311,3377435.804,526237.871,3377609.311
18:15:35.00,762.0,525396.023,3377757.824,525411.897,3377434.602,526236.760,3377608.579
18:15:36.00,763.0,525394.796,3377756.919,525410.459,3377433.442,526235.648,3377607.847
18:15:37.00,764.0,525393.640,3377755.924,525408.993,3377432.344,526234.536,3377607.115
18:15:38.00,765.0,525392.441,3377754.981,525407.260,3377431.821,526233.425,3377606.384
18:15:39.00,766.0,525391.175,3377754.130,525405.432,3377431.578,526232.313,3377605.652
18:15:40.00,767.0,525389.950,3377753.221,525403.793,3377430.732,526231.201,3377604.920
18:15:41.00,768.0,525388.797,3377752.221,525402.536,3377429.373,526230.089,3377604.188
18:15:42.00,769.0,525387.484,3377751.446,525401.353,3377427.949,526228.978,3377603.456
18:15:43.00,770.0,525386.303,3377750.480,525399.862,3377426.923,526227.866,3377602.725
18:15:44.00,771.0,525385.078,3377749.573,525398.123,3377426.274,526226.754,3377601.993
18:15:45.00,772.0,525384.007,3377748.486,525396.410,3377425.562,526225.643,3377601.261
18:15:46.00,773.0,525382.819,3377747.531,525394.671,3377424.914,526224.531,3377600.529
18:15:47.00,774.0,525381.704,3377746.494,525392.919,3377424.302,526223.419,3377599.798
18:15:48.00,775.0,525380.594,3377745.447,525391.167,3377423.690,526222.308,3377599.066
18:15:49.00,776.0,525379.381,3377744.533,525389.448,3377422.995,526221.196,3377598.334
18:15:50.00,777.0,525378.051,3377743.787,525387.954,3377421.902,526220.084,3377597.602
18:15:51.00,778.0,525376.666,3377743.146,525386.403,3377420.885,526218.972,3377596.871
18:15:52.00,779.0,525375.180,3377742.799,525384.799,3377419.952,526217.861,3377596.139
18:15:53.00,780.0,525373.816,3377742.123,525383.194,3377419.020,526216.749,3377595.407
18:15:54.00,781.0,525372.618,3377741.184,525381.671,3377417.960,526215.637,3377594.675
18:15:55.00,782.0,525371.691,3377739.976,525380.227,3377416.795,526214.526,3377593.944
18:15:56.00,783.0,525370.877,3377738.686,525378.912,3377415.487,526213.414,3377593.212
18:15:57.00,784.0,525369.832,3377737.581,525377.557,3377414.220,526212.302,3377592.480
18:15:58.00,785.0,525368.520,3377736.820,525376.192,3377412.963,526211.190,3377591.748
18:15:59.00,786.0,525367.058,3377736.418,525374.791,3377411.748,526210.079,3377591.017
18:16:00.00,787.0,525365.545,3377736.289,525373.359,3377410.567,526208.967,3377590.285
18:16:01.00,788.0,525364.020,3377736.285,525371.923,3377409.394,526207.855,3377589.553
18:16:02.00,789.0,525362.508,3377736.136,525370.378,3377408.374,526206.744,3377588.821
18:16:03.00,790.0,525361.198,3377735.725,525368.700,3377407.602,526205.632,3377588.090
18:16:04.00,791.0,525359.697,3377735.451,525367.323,3377406.358,526204.520,3377587.358
18:16:05.00,792.0,525358.285,3377734.969,525365.963,3377405.095,526203.408,3377586.626
18:16:06.00,793.0,525357.036,3377734.146,525364.460,3377404.010,526202.297,3377585.894
18:16:07.00,794.0,525355.765,3377733.321,525362.685,3377403.557,526201.185,3377585.162
18:16:08.00,795.0,525354.729,3377732.207,525360.866,3377403.189,526200.073,3377584.431
18:16:09.00,796.0,525353.544,3377731.246,525359.085,3377402.676,526198.962,3377583.699
18:16:10.00,797.0,525352.694,3377729.991,525357.257,3377402.642,526197.850,3377582.967
18:16:11.00,798.0,525352.035,3377728.621,525355.439,3377402.983,526196.738,3377582.235
18:16:12.00,799.0,525350.898,3377727.623,525353.678,3377402.577,526195.626,3377581.504
18:16:13.00,800.0,525349.543,3377726.927,525351.859,3377402.233,526194.515,3377580.772
18:16:14.00,801.0,525348.213,3377726.191,525350.062,3377401.767,526193.403,3377580.040
18:16:15.00,802.0,525346.841,3377725.540,525348.334,3377401.112,526192.291,3377579.308
18:16:16.00,803.0,525345.411,3377725.011,525346.651,3377400.330,526191.180,3377578.577
18:16:17.00,804.0,525343.990,3377724.460,525345.234,3377399.170,526190.068,3377577.845
18:16:18.00,805.0,525342.611,3377723.806,525344.126,3377397.690,526188.956,3377577.113
18:16:19.00,806.0,525341.283,3377723.056,525342.846,3377396.369,526187.844,3377576.381
18:16:20.00,807.0,525340.004,3377722.225,525341.555,3377395.053,526186.733,3377575.650
18:16:21.00,808.0,525338.745,3377721.363,525340.445,3377393.566,526185.621,3377574.918
18:16:22.00,809.0,525337.489,3377720.496,525339.122,3377392.294,526184.509,3377574.186
18:16:23.00,810.0,525336.254,3377719.600,525337.662,3377391.149,526183.398,3377573.454
18:16:24.00,811.0,525335.005,3377718.724,525336.106,3377390.154,526182.286,3377572.723
18:16:25.00,812.0,525333.710,3377717.919,525334.587,3377389.109,526181.174,3377571.991
18:16:26.00,813.0,525332.467,3377717.042,525333.226,3377387.848,526180.063,3377571.259
18:16:27.00,814.0,525331.338,3377716.018,525331.842,3377386.620,526178.951,3377570.527
18:16:28.00,815.0,525330.404,3377714.819,525330.654,3377385.207,526177.839,3377569.795
18:16:29.00,816.0,525329.414,3377713.659,525329.277,3377383.963,526176.727,3377569.064
18:16:30.00,817.0,525328.586,3377712.377,525327.911,3377382.707,526175.616,3377568.332
18:16:31.00,818.0,525327.758,3377711.095,525326.472,3377381.545,526174.504,3377567.600
18:16:32.00,819.0,525327.088,3377709.729,525324.907,3377380.549,526173.392,3377566.868
18:16:33.00,820.0,525326.233,3377708.485,525323.249,3377379.725,526172.281,3377566.137
18:16:34.00,821.0,525325.255,3377707.353,525321.636,3377378.850,526171.169,3377565.405
18:16:35.00,822.0,525324.259,3377706.197,525320.677,3377377.273,526170.057,3377564.673
18:16:36.00,823.0,525323.263,3377705.041,525319.632,3377375.792,526168.945,3377563.941
18:16:37.00,824.0,525322.267,3377703.885,525318.125,3377374.740,526167.834,3377563.210
18:16:38.00,825.0,525321.257,3377702.742,525316.403,3377374.220,526166.722,3377562.478
18:16:39.00,826.0,525320.187,3377701.655,525314.560,3377374.265,526165.610,3377561.746
18:16:40.00,827.0,525318.953,3377700.757,525312.734,3377373.936,526164.499,3377561.014
18:16:41.00,828.0,525317.799,3377699.759,525310.908,3377373.607,526163.387,3377560.283
18:16:42.00,829.0,525316.577,3377698.847,525309.460,3377372.454,526162.275,3377559.551
18:16:43.00,830.0,525315.243,3377698.111,525308.577,3377370.844,526161.163,3377558.819
18:16:44.00,831.0,525313.880,3377697.426,525308.205,3377369.033,526160.052,3377558.087
18:16:45.00,832.0,525312.567,3377696.649,525308.154,3377367.182,526158.940,3377557.356
18:16:46.00,833.0,525311.259,3377695.871,525307.857,3377365.358,526157.828,3377556.624
18:16:47.00,834.0,525309.974,3377695.056,525307.385,3377363.567,526156.717,3377555.892
18:16:48.00,835.0,525308.668,3377694.275,525306.553,3377361.992,526155.605,3377555.160
18:16:49.00,836.0,525307.479,3377693.344,525305.305,3377360.621,526154.493,3377554.429
18:16:50.00,837.0,525306.366,3377692.301,525304.288,3377359.072,526153.381,3377553.697
18:16:51.00,838.0,525305.216,3377691.300,525303.174,3377357.623,526152.270,3377552.965
18:16:52.00,839.0,525304.018,3377690.355,525302.159,3377356.129,526151.158,3377552.233
18:16:53.00,840.0,525302.882,3377689.339,525301.735,3377354.388,526150.046,3377551.501
18:16:54.00,841.0,525301.977,3377688.111,525301.742,3377352.602,526148.935,3377550.770
18:16:55.00,842.0,525301.175,3377686.813,525300.879,3377351.014,526147.823,3377550.038
18:16:56.00,843.0,525300.179,3377685.657,525299.072,3377350.592,526146.711,3377549.306
18:16:57.00,844.0,525299.164,3377684.520,525297.415,3377349.789,526145.599,3377548.574
18:16:58.00,845.0,525297.958,3377683.587,525295.716,3377349.053,526144.488,3377547.843
18:16:59.00,846.0,525296.683,3377682.749,525294.038,3377348.266,526143.376,3377547.111
18:17:00.00,847.0,525295.503,3377681.786,525292.391,3377347.414,526142.264,3377546.379
18:17:01.00,848.0,525294.352,3377680.784,525291.281,3377346.091,526141.153,3377545.647
18:17:02.00,849.0,525293.154,3377679.841,525290.190,3377344.597,526140.041,3377544.916
18:17:03.00,850.0,525291.894,3377678.981,525288.779,3377343.448,526138.929,3377544.184
18:17:04.00,851.0,525290.542,3377678.302,525286.980,3377343.072,526137.818,3377543.452
18:17:05.00,852.0,525289.074,3377677.930,525285.146,3377342.844,526136.706,3377542.720
18:17:06.00,853.0,525287.548,3377677.927,525283.564,3377341.881,526135.594,3377541.989
18:17:07.00,854.0,525286.022,3377677.923,525282.070,3377340.803,526134.482,3377541.257
18:17:08.00,855.0,525284.507,3377677.745,525280.521,3377339.793,526133.371,3377540.525
18:17:09.00,856.0,525283.078,3377677.215,525278.916,3377338.861,526132.259,3377539.793
18:17:10.00,857.0,525281.692,3377676.578,525277.311,3377337.929,526131.147,3377539.062
18:17:11.00,858.0,525280.396,3377675.779,525275.706,3377336.997,526130.036,3377538.330
18:17:12.00,859.0,525279.284,3377674.739,525274.514,3377335.620,526128.924,3377537.598
18:17:13.00,860.0,525278.207,3377673.669,525273.633,3377333.996,526127.812,3377536.866
18:17:14.00,861.0,525277.001,3377672.735,525272.896,3377332.293,526126.700,3377536.135
18:17:15.00,862.0,525275.794,3377671.801,525271.972,3377330.684,526125.589,3377535.403
18:17:16.00,863.0,525274.615,3377670.832,525271.286,3377328.971,526124.477,3377534.671
18:17:17.00,864.0,525273.308,3377670.055,525270.533,3377327.289,526123.365,3377533.939
18:17:18.00,865.0,525272.198,3377669.100,525269.738,3377325.631,526122.254,3377533.207
18:17:19.00,866.0,525271.458,3377667.766,525269.416,3377323.816,526121.142,3377532.476
18:17:20.00,867.0,525270.829,3377666.377,525269.541,3377321.967,526120.030,3377531.744
18:17:21.00,868.0,525270.003,3377665.102,525268.721,3377320.445,526118.918,3377531.012
18:17:22.00,869.0,525269.230,3377663.787,525267.280,3377319.277,526117.807,3377530.280
18:17:23.00,870.0,525268.484,3377662.458,525265.880,3377318.059,526116.695,3377529.549
18:17:24.00,871.0,525267.529,3377661.303,525264.364,3377317.003,526115.583,3377528.817
18:17:25.00,872.0,525266.589,3377660.473,525263.149,3377315.683,526114.472,3377528.085
18:17:26.00,873.0,525266.809,3377661.741,525262.447,3377313.980,526113.360,3377527.353
18:17:27.00,874.0,525265.678,3377660.749,525261.431,3377312.502,526112.248,3377526.622
18:17:28.00,875.0,525264.287,3377660.129,525259.984,3377311.374,526111.136,3377525.890
18:17:29.00,876.0,525263.006,3377659.327,525258.301,3377310.591,526110.025,3377525.158
18:17:30.00,877.0,525261.910,3377658.269,525256.588,3377309.877,526108.913,3377524.426
18:17:31.00,878.0,525261.251,3377656.894,525254.885,3377309.142,526107.801,3377523.695
18:17:32.00,879.0,525260.791,3377655.439,525253.299,3377308.231,526106.690,3377522.963
18:17:33.00,880.0,525260.462,3377653.949,525252.572,3377306.641,526105.578,3377522.231
18:17:34.00,881.0,525259.986,3377652.501,525252.320,3377304.849,526104.466,3377521.499
18:17:35.00,882.0,525259.281,3377651.152,525251.397,3377303.278,526103.355,3377520.768
18:17:36.00,883.0,525258.256,3377650.026,525250.792,3377301.571,526102.243,3377520.036
18:17:37.00,884.0,525257.034,3377649.114,525249.324,3377300.501,526101.131,3377519.304
18:17:38.00,885.0,525255.768,3377648.262,,,526100.019,3377518.572
18:17:39.00,886.0,525254.593,3377647.317,,,526098.908,3377517.840
18:17:40.00,887.0,525253.843,3377645.990,,,526097.796,3377517.109
18:17:41.00,888.0,525253.447,3377644.520,,,526096.684,3377516.377
18:17:42.00,889.0,525252.902,3377643.094,,,526095.573,3377515.645
18:17:43.00,890.0,525252.243,3377641.719,,,526094.461,3377514.913
18:17:44.00,891.0,525251.265,3377640.551,,,526093.349,3377514.182
18:17:45.00,892.0,525250.144,3377639.522,,,526092.237,3377513.450
18:17:46.00,893.0,525248.816,3377638.773,,,526091.126,3377512.718
18:17:47.00,894.0,525247.432,3377638.130,,,526090.014,3377511.986
18:17:48.00,895.0,525245.992,3377637.625,,,526088.902,3377511.255
18:17:49.00,896.0,525244.658,3377636.891,,,526087.791,3377510.523
18:17:50.00,897.0,525243.555,3377635.841,,,526086.679,3377509.791
18:17:51.00,898.0,525242.769,3377634.542,,,526085.567,3377509.059
18:17:52.00,899.0,525242.295,3377633.092,,,526084.455,3377508.328
18:17:53.00,900.0,525241.572,3377631.749,,,526083.344,3377507.596
18:17:54.00,901.0,525240.850,3377630.405,,,526082.232,3377506.864
18:17:55.00,902.0,525239.832,3377629.281,,,526081.120,3377506.132
18:17:56.00,903.0,525238.615,3377628.366,,,526080.009,3377505.401
18:17:57.00,904.0,525237.363,3377627.494,,,526078.897,3377504.669
18:17:58.00,905.0,525236.080,3377626.677,,,526077.785,3377503.937
18:17:59.00,906.0,525234.693,3377626.041,,,526076.673,3377503.205
18:18:00.00,907.0,525233.275,3377625.478,,,526075.562,3377502.474
18:18:01.00,908.0,525231.921,3377624.775,,,526074.450,3377501.742
18:18:02.00,909.0,525230.686,3377623.879,,,526073.338,3377501.010
18:18:03.00,910.0,525229.332,3377623.175,,,526072.227,3377500.278
18:18:04.00,911.0,525227.915,3377622.612,,,526071.115,3377499.546
18:18:05.00,912.0,525226.586,3377621.865,,,526070.003,3377498.815
18:18:06.00,913.0,525225.491,3377620.807,,,526068.891,3377498.083
18:18:07.00,914.0,525224.640,3377619.543,,,526067.780,3377497.351
18:18:08.00,915.0,525223.929,3377618.195,,,526066.668,3377496.619
18:18:09.00,916.0,525223.686,3377616.705,,,526065.556,3377495.888
18:18:10.00,917.0,525223.648,3377615.181,,,526064.445,3377495.156
18:18:11.00,918.0,525223.549,3377613.660,,,526063.333,3377494.424
18:18:12.00,919.0,525223.137,3377612.203,,,526062.221,3377493.692
18:18:13.00,920.0,525222.653,3377610.757,,,526061.110,3377492.961
18:18:14.00,921.0,525222.234,3377609.290,,,526059.998,3377492.229
18:18:15.00,922.0,525221.814,3377607.823,,,526058.886,3377491.497
18:18:16.00,923.0,525221.379,3377606.361,,,526057.774,3377490.765
18:18:17.00,924.0,525220.765,3377604.967,,,526056.663,3377490.034
18:18:18.00,925.0,525219.757,3377603.823,,,526055.551,3377489.302
18:18:19.00,926.0,525218.565,3377602.874,,,526054.439,3377488.570
18:18:20.00,927.0,525217.245,3377602.107,,,526053.328,3377487.838
18:18:21.00,928.0,525216.002,3377601.223,,,526052.216,3377487.107
18:18:22.00,929.0,525214.662,3377600.498,,,526051.104,3377486.375
18:18:23.00,930.0,525213.345,3377599.730,,,526049.992,3377485.643
18:18:24.00,931.0,525212.139,3377598.796,,,526048.881,3377484.911
18:18:25.00,932.0,525210.976,3377597.810,,,526047.769,3377484.180
18:18:26.00,933.0,525209.954,3377596.679,,,526046.657,3377483.448
18:18:27.00,934.0,525208.958,3377595.523,,,526045.546,3377482.716
18:18:28.00,935.0,525207.973,3377594.359,,,526044.434,3377481.984
18:18:29.00,936.0,525207.307,3377592.998,,,526043.322,3377481.252
18:18:30.00,937.0,525206.961,3377591.513,,,526042.210,3377480.521
18:18:31.00,938.0,525206.672,3377590.015,,,526041.099,3377479.789
18:18:32.00,939.0,525206.205,3377588.567,,,526039.987,3377479.057
18:18:33.00,940.0,525205.480,3377587.228,,,526038.875,3377478.325
18:18:34.00,941.0,525204.380,3377586.170,,,526037.764,3377477.594
18:18:35.00,942.0,525203.134,3377585.336,,,526036.652,3377476.862
18:18:36.00,943.0,525201.818,3377584.587,,,526035.540,3377476.130
18:18:37.00,944.0,525200.386,3377584.063,,,526034.428,3377475.398
18:18:38.00,945.0,525199.021,3377583.387,,,526033.317,3377474.667
18:18:39.00,946.0,525197.778,3377582.514,,,526032.205,3377473.935
18:18:40.00,947.0,525196.651,3377581.486,,,526031.093,3377473.203
18:18:41.00,948.0,525195.596,3377580.385,,,526029.982,3377472.471
18:18:42.00,949.0,525194.620,3377579.213,,,526028.870,3377471.740
18:18:43.00,950.0,525193.637,3377578.064,,,526027.758,3377471.008
18:18:44.00,951.0,525192.485,3377577.066,,,526026.647,3377470.276
18:18:45.00,952.0,525191.248,3377576.191,,,526025.535,3377469.544
18:18:46.00,953.0,525189.870,3377575.536,,,526024.423,3377468.813
18:18:47.00,954.0,525188.619,3377574.675,,,526023.311,3377468.081
18:18:48.00,955.0,525187.408,3377573.747,,,526022.200,3377467.349
18:18:49.00,956.0,525186.204,3377572.818,,,526021.088,3377466.617
18:18:50.00,957.0,525185.272,3377571.614,,,526019.976,3377465.885
18:18:51.00,958.0,525184.408,3377570.362,,,526018.865,3377465.154
18:18:52.00,959.0,525183.428,3377569.193,,,526017.753,3377464.422
18:18:53.00,960.0,525182.509,3377567.975,,,526016.641,3377463.690
18:18:54.00,961.0,525181.514,3377566.818,,,526015.529,3377462.958
18:18:55.00,962.0,525180.382,3377565.798,,,526014.418,3377462.227
18:18:56.00,963.0,525179.074,3377565.027,,,526013.306,3377461.495
18:18:57.00,964.0,525177.743,3377564.281,,,526012.194,3377460.763
18:18:58.00,965.0,525176.406,3377563.547,,,526011.083,3377460.031
18:18:59.00,966.0,525175.066,3377562.818,,,526009.971,3377459.300
18:19:00.00,967.0,525173.716,3377562.110,,,526008.859,3377458.568
18:19:01.00,968.0,525172.332,3377561.466,,,526007.747,3377457.836
18:19:02.00,969.0,525170.953,3377560.814,,,526006.636,3377457.104
18:19:03.00,970.0,525169.618,3377560.083,,,526005.524,3377456.373
18:19:04.00,971.0,525168.467,3377559.082,,,526004.412,3377455.641
18:19:05.00,972.0,525167.559,3377557.856,,,526003.301,3377454.909
18:19:06.00,973.0,525166.697,3377556.606,,,526002.189,3377454.177
18:19:07.00,974.0,525166.549,3377555.089,,,526001.077,3377453.446
18:19:08.00,975.0,525166.468,3377553.573,,,525999.965,3377452.714
18:19:09.00,976.0,525166.088,3377552.096,,,525998.854,3377451.982
18:19:10.00,977.0,525165.340,3377550.767,,,525997.742,3377451.250
18:19:11.00,978.0,525164.351,3377549.620,,,525996.630,3377450.519
18:19:12.00,979.0,525163.141,3377548.702,,,525995.519,3377449.787
18:19:13.00,980.0,525161.863,3377547.872,,,525994.407,3377449.055
18:19:14.00,981.0,525160.490,3377547.207,,,525993.295,3377448.323
18:19:15.00,982.0,525159.039,3377546.755,,,525992.183,3377447.591
18:19:16.00,983.0,525157.555,3377546.401,,,525991.072,3377446.860
18:19:17.00,984.0,525156.132,3377545.865,,,525989.960,3377446.128
18:19:18.00,985.0,525154.767,3377545.183,,,525988.848,3377445.396
18:19:19.00,986.0,525153.391,3377544.525,,,525987.737,3377444.664
18:19:20.00,987.0,525152.111,3377543.710,,,525986.625,3377443.933
18:19:21.00,988.0,525151.056,3377542.637,,,525985.513,3377443.201
18:19:22.00,989.0,525150.254,3377541.340,,,525984.402,3377442.469
18:19:23.00,990.0,525149.516,3377540.006,,,525983.290,3377441.737
18:19:24.00,991.0,525148.688,3377538.724,,,525982.178,3377441.006
18:19:25.00,992.0,525147.609,3377537.646,,,525981.066,3377440.274
18:19:26.00,993.0,525146.407,3377536.706,,,525979.955,3377439.542
18:19:27.00,994.0,525145.179,3377535.801,,,525978.843,3377438.810
18:19:28.00,995.0,525143.882,3377535.000,,,525977.731,3377438.079
18:19:29.00,996.0,525142.619,3377534.144,,,525976.620,3377437.347
18:19:30.00,997.0,525141.483,3377533.136,,,525975.508,3377436.615
18:19:31.00,998.0,525140.487,3377531.980,,,525974.396,3377435.883
18:19:32.00,999.0,525139.535,3377530.790,,,525973.284,3377435.152
18:19:33.00,1000.0,525138.545,3377529.635,,,525972.173,3377434.420
18:19:34.00,1001.0,525137.403,3377528.628,,,525971.061,3377433.688
18:19:35.00,1002.0,525136.212,3377527.674,,,525969.949,3377432.956
18:19:36.00,1003.0,525135.090,3377526.643,,,525968.838,3377432.225
18:19:37.00,1004.0,525134.156,3377525.445,,,525967.726,3377431.493
18:19:38.00,1005.0,525133.439,3377524.098,,,525966.614,3377430.761
18:19:39.00,1006.0,525132.743,3377522.741,,,525965.502,3377430.029
18:19:40.00,1007.0,525131.908,3377521.468,,,525964.391,3377429.297
18:19:41.00,1008.0,525130.858,3377520.370,,,525963.279,3377428.566
18:19:42.00,1009.0,525129.614,3377519.487,,,525962.167,3377427.834
18:19:43.00,1010.0,525128.329,3377518.664,,,525961.056,3377427.102
18:19:44.00,1011.0,525126.999,3377517.919,,,525959.944,3377426.370
18:19:45.00,1012.0,525125.574,3377517.374,,,525958.832,3377425.639
18:19:46.00,1013.0,525124.147,3377516.841,,,525957.720,3377424.907
18:19:47.00,1014.0,525122.744,3377516.246,,,525956.600,3377424.189
18:19:48.00,1015.0,525121.509,3377515.359,,,525955.478,3377423.473
18:19:49.00,1016.0,525120.412,3377514.298,,,525954.356,3377422.756
18:19:50.00,1017.0,525119.231,3377513.333,,,525953.235,3377422.040
18:19:51.00,1018.0,525117.978,3377512.468,,,525952.113,3377421.324
18:19:52.00,1019.0,525116.588,3377511.849,,,525950.991,3377420.608
18:19:53.00,1020.0,525115.148,3377511.344,,,525949.869,3377419.891
18:19:54.00,1021.0,525113.801,3377510.642,,,525948.748,3377419.175
18:19:55.00,1022.0,525112.855,3377509.480,,,525947.626,3377418.459
18:19:56.00,1023.0,525112.083,3377508.167,,,525946.504,3377417.743
18:19:57.00,1024.0,525111.127,3377506.980,,,525945.382,3377417.026
18:19:58.00,1025.0,525110.058,3377505.894,,,525944.260,3377416.310
18:19:59.00,1026.0,525109.047,3377504.751,,,525943.139,3377415.594
18:20:00.00,1027.0,525108.051,3377503.595,,,525942.017,3377414.878
18:20:01.00,1028.0,525106.935,3377502.559,,,525940.895,3377414.161
18:20:02.00,1029.0,525105.887,3377501.454,,,525939.773,3377413.445
18:20:03.00,1030.0,525105.021,3377500.206,,,525938.652,3377412.729
18:20:04.00,1031.0,525104.105,3377498.993,,,525937.530,3377412.013
18:20:05.00,1032.0,525103.306,3377497.694,,,525936.408,3377411.296
18:20:06.00,1033.0,525102.643,3377496.332,,,525935.286,3377410.580
18:20:07.00,1034.0,525102.023,3377494.940,,,525934.165,3377409.864
18:20:08.00,1035.0,525101.131,3377493.714,,,525933.043,3377409.148
18:20:09.00,1036.0,525099.943,3377492.758,,,525931.921,3377408.431
18:20:10.00,1037.0,525098.825,3377491.720,,,525930.799,3377407.715
18:20:11.00,1038.0,525097.637,3377490.764,,,525929.677,3377406.999
18:20:12.00,1039.0,525096.646,3377489.604,,,525928.556,3377406.283
18:20:13.00,1040.0,525095.952,3377488.253,,,525927.434,3377405.566
18:20:14.00,1041.0,525095.576,3377486.785,,,525926.312,3377404.850
18:20:15.00,1042.0,525095.922,3377485.300,,,525925.190,3377404.134
18:20:16.00,1043.0,525096.516,3377483.901,,,525924.069,3377403.418
18:20:17.00,1044.0,525096.047,3377482.625,,,525922.947,3377402.701
18:20:18.00,1045.0,,,,,525921.825,3377401.985
18:20:19.00,1046.0,,,,,525920.703,3377401.269
18:20:20.00,1047.0,,,,,525919.582,3377400.553
18:20:21.00,1048.0,,,,,525918.460,3377399.836
18:20:22.00,1049.0,,,,,525917.338,3377399.120
18:20:23.00,1050.0,,,,,525916.216,3377398.404
18:20:24.00,1051.0,,,,,525915.094,3377397.688
18:20:25.00,1052.0,,,,,525913.973,3377396.971
18:20:26.00,1053.0,,,,,525912.851,3377396.255
18:20:27.00,1054.0,,,,,525911.729,3377395.539
18:20:28.00,1055.0,,,,,525910.607,3377394.823
18:20:29.00,1056.0,,,,,525909.486,3377394.106
18:20:30.00,1057.0,,,,,525908.364,3377393.390
18:20:31.00,1058.0,,,,,525907.242,3377392.674
18:20:32.00,1059.0,,,,,525906.120,3377391.958
18:20:33.00,1060.0,,,,,525904.999,3377391.241
18:20:34.00,1061.0,,,,,525903.877,3377390.525
18:20:35.00,1062.0,,,,,525902.755,3377389.809
18:20:36.00,1063.0,,,,,525901.633,3377389.093
18:20:37.00,1064.0,,,,,525900.512,3377388.376
18:20:38.00,1065.0,,,,,525899.390,3377387.660
18:20:39.00,1066.0,,,,,525898.268,3377386.944
18:20:40.00,1067.0,,,,,525897.146,3377386.228
18:20:41.00,1068.0,,,,,525896.024,3377385.511
18:20:42.00,1069.0,,,,,525894.903,3377384.795
18:20:43.00,1070.0,,,,,525893.781,3377384.079
18:20:44.00,1071.0,,,,,525892.659,3377383.363
18:20:45.00,1072.0,,,,,525891.537,3377382.646
18:20:46.00,1073.0,,,,,525890.416,3377381.930
18:20:47.00,1074.0,,,,,525889.294,3377381.214
18:20:48.00,1075.0,,,,,525888.172,3377380.498
18:20:49.00,1076.0,,,,,525887.050,3377379.781
18:20:50.00,1077.0,,,,,525885.929,3377379.065
18:20:51.00,1078.0,,,,,525884.807,3377378.349
18:20:52.00,1079.0,,,,,525883.685,3377377.633
18:20:53.00,1080.0,,,,,525882.563,3377376.916
18:20:54.00,1081.0,,,,,525881.441,3377376.200
18:20:55.00,1082.0,,,,,525880.320,3377375.484
18:20:56.00,1083.0,,,,,525879.198,3377374.768
18:20:57.00,1084.0,,,,,525878.076,3377374.051
18:20:58.00,1085.0,,,,,525876.954,3377373.335
18:20:59.00,1086.0,,,,,525875.833,3377372.619
18:21:00.00,1087.0,,,,,525874.711,3377371.903
18:21:01.00,1088.0,,,,,525873.589,3377371.186
18:21:02.00,1089.0,,,,,525872.467,3377370.470
18:21:03.00,1090.0,,,,,525871.346,3377369.754
18:21:04.00,1091.0,,,,,525870.224,3377369.038
18:21:05.00,1092.0,,,,,525869.102,3377368.321
18:21:06.00,1093.0,,,,,525867.980,3377367.605
18:21:07.00,1094.0,,,,,525866.858,3377366.889
18:21:08.00,1095.0,,,,,525865.737,3377366.173
18:21:09.00,1096.0,,,,,525864.615,3377365.456
18:21:10.00,1097.0,,,,,525863.493,3377364.740
18:21:11.00,1098.0,,,,,525862.371,3377364.024
18:21:12.00,1099.0,,,,,525861.250,3377363.308
18:21:13.00,1100.0,,,,,525860.128,3377362.591
18:21:14.00,1101.0,,,,,525859.006,3377361.875
18:21:15.00,1102.0,,,,,525857.884,3377361.159
18:21:16.00,1103.0,,,,,525856.763,3377360.443
18:21:17.00,1104.0,,,,,525855.641,3377359.727
18:21:18.00,1105.0,,,,,525854.519,3377359.010
18:21:19.00,1106.0,,,,,525853.397,3377358.294
18:21:20.00,1107.0,,,,,525852.276,3377357.578
18:21:21.00,1108.0,,,,,525851.154,3377356.862
18:21:22.00,1109.0,,,,,525850.032,3377356.145
18:21:23.00,1110.0,,,,,525848.910,3377355.429
18:21:24.00,1111.0,,,,,525847.788,3377354.713
18:21:25.00,1112.0,,,,,525846.667,3377353.997
18:21:26.00,1113.0,,,,,525845.545,3377353.280
18:21:27.00,1114.0,,,,,525844.423,3377352.564
18:21:28.00,1115.0,,,,,525843.301,3377351.848
18:21:29.00,1116.0,,,,,525842.180,3377351.132
18:21:30.00,1117.0,,,,,525841.058,3377350.415
18:21:31.00,1118.0,,,,,525839.936,3377349.699
18:21:32.00,1119.0,,,,,525838.814,3377348.983
18:21:33.00,1120.0,,,,,525837.693,3377348.267
18:21:34.00,1121.0,,,,,525836.571,3377347.550
18:21:35.00,1122.0,,,,,525835.449,3377346.834
18:21:36.00,1123.0,,,,,525834.327,3377346.118
18:21:37.00,1124.0,,,,,525833.205,3377345.402
18:21:38.00,1125.0,,,,,525832.084,3377344.685
18:21:39.00,1126.0,,,,,525830.962,3377343.969
18:21:40.00,1127.0,,,,,525829.840,3377343.253
18:21:41.00,1128.0,,,,,525828.718,3377342.537
18:21:42.00,1129.0,,,,,525827.597,3377341.820
18:21:43.00,1130.0,,,,,525826.475,3377341.104
18:21:44.00,1131.0,,,,,525825.353,3377340.388
18:21:45.00,1132.0,,,,,525824.231,3377339.672
18:21:46.00,1133.0,,,,,525823.110,3377338.955
18:21:47.00,1134.0,,,,,525821.988,3377338.239
18:21:48.00,1135.0,,,,,525820.866,3377337.523
18:21:49.00,1136.0,,,,,525819.744,3377336.807
18:21:50.00,1137.0,,,,,525818.623,3377336.090
18:21:51.00,1138.0,,,,,525817.501,3377335.374
18:21:52.00,1139.0,,,,,525816.379,3377334.658
18:21:53.00,1140.0,,,,,525815.257,3377333.942
18:21:54.00,1141.0,,,,,525814.135,3377333.225
18:21:55.00,1142.0,,,,,525813.014,3377332.509
18:21:56.00,1143.0,,,,,525811.892,3377331.793
18:21:57.00,1144.0,,,,,525810.770,3377331.077
18:21:58.00,1145.0,,,,,525809.648,3377330.360
18:21:59.00,1146.0,,,,,525808.527,3377329.644
18:22:00.00,1147.0,,,,,525807.405,3377328.928
18:22:01.00,1148.0,,,,,525806.283,3377328.212
18:22:02.00,1149.0,,,,,525805.161,3377327.495
18:22:03.00,1150.0,,,,,525804.040,3377326.779
18:22:04.00,1151.0,,,,,525802.918,3377326.063
18:22:05.00,1152.0,,,,,525801.796,3377325.347
18:22:06.00,1153.0,,,,,525800.674,3377324.630
18:22:07.00,1154.0,,,,,525799.552,3377323.914
18:22:08.00,1155.0,,,,,525798.431,3377323.198
18:22:09.00,1156.0,,,,,525797.309,3377322.482
18:22:10.00,1157.0,,,,,525796.187,3377321.765
18:22:11.00,1158.0,,,,,525795.065,3377321.049
18:22:12.00,1159.0,,,,,525793.944,3377320.333
18:22:13.00,1160.0,,,,,525792.822,3377319.617
18:22:14.00,1161.0,,,,,525791.700,3377318.900
18:22:15.00,1162.0,,,,,525790.578,3377318.184
18:22:16.00,1163.0,,,,,525789.457,3377317.468
18:22:17.00,1164.0,,,,,525788.335,3377316.752
18:22:18.00,1165.0,,,,,525787.213,3377316.035
18:22:19.00,1166.0,,,,,525786.091,3377315.319
18:22:20.00,1167.0,,,,,525784.969,3377314.603
18:22:21.00,1168.0,,,,,525783.848,3377313.887
18:22:22.00,1169.0,,,,,525782.726,3377313.170
18:22:23.00,1170.0,,,,,525781.604,3377312.454
18:22:24.00,1171.0,,,,,525780.482,3377311.738
18:22:25.00,1172.0,,,,,525779.361,3377311.022
18:22:26.00,1173.0,,,,,525778.239,3377310.305
18:22:27.00,1174.0,,,,,525777.117,3377309.589
18:22:28.00,1175.0,,,,,525775.995,3377308.873
18:22:29.00,1176.0,,,,,525774.874,3377308.157
18:22:30.00,1177.0,,,,,525773.752,3377307.440
18:22:31.00,1178.0,,,,,525772.630,3377306.724
18:22:32.00,1179.0,,,,,525771.508,3377306.008
18:22:33.00,1180.0,,,,,525770.387,3377305.292
18:22:34.00,1181.0,,,,,525769.265,3377304.575
18:22:35.00,1182.0,,,,,525768.143,3377303.859
18:22:36.00,1183.0,,,,,525767.021,3377303.143
18:22:37.00,1184.0,,,,,525765.899,3377302.427
18:22:38.00,1185.0,,,,,525764.778,3377301.710
18:22:39.00,1186.0,,,,,525763.656,3377300.994
18:22:40.00,1187.0,,,,,525762.534,3377300.278
18:22:41.00,1188.0,,,,,525761.412,3377299.562
18:22:42.00,1189.0,,,,,525760.291,3377298.845
18:22:43.00,1190.0,,,,,525759.169,3377298.129
18:22:44.00,1191.0,,,,,525758.047,3377297.413
18:22:45.00,1192.0,,,,,525756.925,3377296.697
18:22:46.00,1193.0,,,,,525755.804,3377295.980
18:22:47.00,1194.0,,,,,525754.682,3377295.264
18:22:48.00,1195.0,,,,,525753.560,3377294.548
18:22:49.00,1196.0,,,,,525752.438,3377293.832
18:22:50.00,1197.0,,,,,525751.316,3377293.115
18:22:51.00,1198.0,,,,,525750.195,3377292.399
18:22:52.00,1199.0,,,,,525749.073,3377291.683
18:22:53.00,1200.0,,,,,525747.951,3377290.967
18:22:54.00,1201.0,,,,,525746.829,3377290.250
18:22:55.00,1202.0,,,,,525745.708,3377289.534
18:22:56.00,1203.0,,,,,525744.586,3377288.818
18:22:57.00,1204.0,,,,,525743.464,3377288.102
18:22:58.00,1205.0,,,,,525742.342,3377287.385
18:22:59.00,1206.0,,,,,525741.221,3377286.669
18:23:00.00,1207.0,,,,,525740.099,3377285.953
18:23:01.00,1208.0,,,,,525738.977,3377285.237
18:23:02.00,1209.0,,,,,525737.855,3377284.520
18:23:03.00,1210.0,,,,,525736.733,3377283.804
18:23:04.00,1211.0,,,,,525735.612,3377283.088
18:23:05.00,1212.0,,,,,525734.490,3377282.372
18:23:06.00,1213.0,,,,,525733.368,3377281.655
18:23:07.00,1214.0,,,,,525732.246,3377280.939
18:23:08.00,1215.0,,,,,525731.125,3377280.223
18:23:09.00,1216.0,,,,,525730.003,3377279.507
18:23:10.00,1217.0,,,,,525728.881,3377278.790
18:23:11.00,1218.0,,,,,525727.759,3377278.074
18:23:12.00,1219.0,,,,,525726.638,3377277.358
18:23:13.00,1220.0,,,,,525725.516,3377276.642
18:23:14.00,1221.0,,,,,525724.394,3377275.925
18:23:15.00,1222.0,,,,,525723.272,3377275.209
18:23:16.00,1223.0,,,,,525722.151,3377274.493
18:23:17.00,1224.0,,,,,525721.029,3377273.777
18:23:18.00,1225.0,,,,,525719.907,3377273.060
18:23:19.00,1226.0,,,,,525718.785,3377272.344
18:23:20.00,1227.0,,,,,525717.663,3377271.628
18:23:21.00,1228.0,,,,,525716.542,3377270.912
18:23:22.00,1229.0,,,,,525715.420,3377270.195
18:23:23.00,1230.0,,,,,525714.298,3377269.479
18:23:24.00,1231.0,,,,,525713.176,3377268.763
18:23:25.00,1232.0,,,,,525712.055,3377268.047
18:23:26.00,1233.0,,,,,525710.933,3377267.331
18:23:27.00,1234.0,,,,,525709.811,3377266.614
18:23:28.00,1235.0,,,,,525708.689,3377265.898
18:23:29.00,1236.0,,,,,525707.568,3377265.182
18:23:30.00,1237.0,,,,,525706.446,3377264.466
18:23:31.00,1238.0,,,,,525705.324,3377263.749
18:23:32.00,1239.0,,,,,525704.202,3377263.033
18:23:33.00,1240.0,,,,,525703.080,3377262.317
18:23:34.00,1241.0,,,,,525701.959,3377261.601
18:23:35.00,1242.0,,,,,525700.837,3377260.884
18:23:36.00,1243.0,,,,,525699.715,3377260.168
18:23:37.00,1244.0,,,,,525698.593,3377259.452
18:23:38.00,1245.0,,,,,525697.472,3377258.736
18:23:39.00,1246.0,,,,,525696.350,3377258.019
18:23:40.00,1247.0,,,,,525695.228,3377257.303
18:23:41.00,1248.0,,,,,525694.106,3377256.587
18:23:42.00,1249.0,,,,,525692.985,3377255.871
18:23:43.00,1250.0,,,,,525691.863,3377255.154
18:23:44.00,1251.0,,,,,525690.741,3377254.438
18:23:45.00,1252.0,,,,,525689.619,3377253.722
18:23:46.00,1253.0,,,,,525688.497,3377253.006
18:23:47.00,1254.0,,,,,525687.376,3377252.289
18:23:48.00,1255.0,,,,,525686.254,3377251.573
18:23:49.00,1256.0,,,,,525685.132,3377250.857
18:23:50.00,1257.0,,,,,525684.010,3377250.141
18:23:51.00,1258.0,,,,,525682.889,3377249.424
18:23:52.00,1259.0,,,,,525681.767,3377248.708
18:23:53.00,1260.0,,,,,525680.645,3377247.992
18:23:54.00,1261.0,,,,,525679.523,3377247.276
18:23:55.00,1262.0,,,,,525678.402,3377246.559
18:23:56.00,1263.0,,,,,525677.280,3377245.843
18:23:57.00,1264.0,,,,,525676.158,3377245.127
18:23:58.00,1265.0,,,,,525675.036,3377244.411
18:23:59.00,1266.0,,,,,525673.915,3377243.694
18:24:00.00,1267.0,,,,,525672.793,3377242.978
18:24:01.00,1268.0,,,,,525671.671,3377242.262
18:24:02.00,1269.0,,,,,525670.549,3377241.546
18:24:03.00,1270.0,,,,,525669.427,3377240.829
18:24:04.00,1271.0,,,,,525668.306,3377240.113
18:24:05.00,1272.0,,,,,525667.184,3377239.397
18:24:06.00,1273.0,,,,,525666.062,3377238.681
18:24:07.00,1274.0,,,,,525664.940,3377237.964
18:24:08.00,1275.0,,,,,525663.819,3377237.248
18:24:09.00,1276.0,,,,,525662.697,3377236.532
18:24:10.00,1277.0,,,,,525661.575,3377235.816
18:24:11.00,1278.0,,,,,525660.453,3377235.099
18:24:12.00,1279.0,,,,,525659.332,3377234.383
18:24:13.00,1280.0,,,,,525658.210,3377233.667
18:24:14.00,1281.0,,,,,525657.088,3377232.951
18:24:15.00,1282.0,,,,,525655.966,3377232.234
18:24:16.00,1283.0,,,,,525654.844,3377231.518
18:24:17.00,1284.0,,,,,525653.723,3377230.802
18:24:18.00,1285.0,,,,,525652.601,3377230.086
18:24:19.00,1286.0,,,,,525651.479,3377229.369
18:24:20.00,1287.0,,,,,525650.357,3377228.653
18:24:21.00,1288.0,,,,,525649.236,3377227.937
18:24:22.00,1289.0,,,,,525648.114,3377227.221
18:24:23.00,1290.0,,,,,525646.992,3377226.504
18:24:24.00,1291.0,,,,,525645.870,3377225.788
18:24:25.00,1292.0,,,,,525644.749,3377225.072
18:24:26.00,1293.0,,,,,525643.627,3377224.356
18:24:27.00,1294.0,,,,,525642.505,3377223.639
18:24:28.00,1295.0,,,,,525641.383,3377222.923
18:24:29.00,1296.0,,,,,525640.261,3377222.207
18:24:30.00,1297.0,,,,,525639.140,3377221.491
18:24:31.00,1298.0,,,,,525638.018,3377220.774
18:24:32.00,1299.0,,,,,525636.896,3377220.058
18:24:33.00,1300.0,,,,,525635.774,3377219.342
18:24:34.00,1301.0,,,,,525634.653,3377218.626
18:24:35.00,1302.0,,,,,525633.531,3377217.909
18:24:36.00,1303.0,,,,,525632.409,3377217.193
18:24:37.00,1304.0,,,,,525631.287,3377216.477
18:24:38.00,1305.0,,,,,525630.166,3377215.761
18:24:39.00,1306.0,,,,,525629.044,3377215.044
18:24:40.00,1307.0,,,,,525627.922,3377214.328
18:24:41.00,1308.0,,,,,525626.800,3377213.612
18:24:42.00,1309.0,,,,,525625.679,3377212.896
18:24:43.00,1310.0,,,,,525624.557,3377212.179
18:24:44.00,1311.0,,,,,525623.435,3377211.463
18:24:45.00,1312.0,,,,,525622.313,3377210.747
18:24:46.00,1313.0,,,,,525621.191,3377210.031
18:24:47.00,1314.0,,,,,525620.070,3377209.314
18:24:48.00,1315.0,,,,,525618.948,3377208.598
18:24:49.00,1316.0,,,,,525617.826,3377207.882
18:24:50.00,1317.0,,,,,525616.704,3377207.166
18:24:51.00,1318.0,,,,,525615.583,3377206.449
18:24:52.00,1319.0,,,,,525614.461,3377205.733
18:24:53.00,1320.0,,,,,525613.339,3377205.017
18:24:54.00,1321.0,,,,,525612.217,3377204.301
18:24:55.00,1322.0,,,,,525611.096,3377203.584
18:24:56.00,1323.0,,,,,525609.974,3377202.868
18:24:57.00,1324.0,,,,,525608.852,3377202.152
18:24:58.00,1325.0,,,,,525607.730,3377201.436
18:24:59.00,1326.0,,,,,525606.608,3377200.719
18:25:00.00,1327.0,,,,,525605.487,3377200.003
18:25:01.00,1328.0,,,,,525604.365,3377199.287
18:25:02.00,1329.0,,,,,525603.243,3377198.571
18:25:03.00,1330.0,,,,,525602.121,3377197.854
18:25:04.00,1331.0,,,,,525601.000,3377197.138
18:25:05.00,1332.0,,,,,525599.878,3377196.422
18:25:06.00,1333.0,,,,,525598.756,3377195.706
18:25:07.00,1334.0,,,,,525597.634,3377194.989
18:25:08.00,1335.0,,,,,525596.513,3377194.273
18:25:09.00,1336.0,,,,,525595.391,3377193.557
18:25:10.00,1337.0,,,,,525594.269,3377192.841
18:25:11.00,1338.0,,,,,525593.147,3377192.124
18:25:12.00,1339.0,,,,,525592.026,3377191.408
18:25:13.00,1340.0,,,,,525590.904,3377190.692
18:25:14.00,1341.0,,,,,525589.782,3377189.976
18:25:15.00,1342.0,,,,,525588.660,3377189.259
18:25:16.00,1343.0,,,,,525587.538,3377188.543
18:25:17.00,1344.0,,,,,525586.417,3377187.827
18:25:18.00,1345.0,,,,,525585.295,3377187.111
18:25:19.00,1346.0,,,,,525584.173,3377186.394
18:25:20.00,1347.0,,,,,525583.051,3377185.678
18:25:21.00,1348.0,,,,,525581.930,3377184.962
18:25:22.00,1349.0,,,,,525580.808,3377184.246
18:25:23.00,1350.0,,,,,525579.686,3377183.529
18:25:24.00,1351.0,,,,,525578.564,3377182.813
18:25:25.00,1352.0,,,,,525577.443,3377182.097
18:25:26.00,1353.0,,,,,525576.321,3377181.381
18:25:27.00,1354.0,,,,,525575.199,3377180.664
18:25:28.00,1355.0,,,,,525574.077,3377179.948
18:25:29.00,1356.0,,,,,525572.955,3377179.232
18:25:30.00,1357.0,,,,,525571.834,3377178.516
18:25:31.00,1358.0,,,,,525570.712,3377177.800
18:25:32.00,1359.0,,,,,525569.590,3377177.083
18:25:33.00,1360.0,,,,,525568.468,3377176.367
18:25:34.00,1361.0,,,,,525567.347,3377175.651
18:25:35.00,1362.0,,,,,525566.225,3377174.935
18:25:36.00,1363.0,,,,,525565.103,3377174.218
18:25:37.00,1364.0,,,,,525563.981,3377173.502
18:25:38.00,1365.0,,,,,525562.860,3377172.786
18:25:39.00,1366.0,,,,,525561.738,3377172.070
18:25:40.00,1367.0,,,,,525560.616,3377171.353
18:25:41.00,1368.0,,,,,525559.494,3377170.637
18:25:42.00,1369.0,,,,,525558.372,3377169.921
18:25:43.00,1370.0,,,,,525557.251,3377169.205
18:25:44.00,1371.0,,,,,525556.129,3377168.488
18:25:45.00,1372.0,,,,,525555.007,3377167.772
18:25:46.00,1373.0,,,,,525553.885,3377167.056
18:25:47.00,1374.0,,,,,525552.757,3377166.350
18:25:48.00,1375.0,,,,,525551.622,3377165.655
18:25:49.00,1376.0,,,,,525550.487,3377164.960
18:25:50.00,1377.0,,,,,525549.352,3377164.265
18:25:51.00,1378.0,,,,,525548.217,3377163.569
18:25:52.00,1379.0,,,,,525547.082,3377162.874
18:25:53.00,1380.0,,,,,525545.947,3377162.179
18:25:54.00,1381.0,,,,,525544.812,3377161.484
18:25:55.00,1382.0,,,,,525543.677,3377160.789
18:25:56.00,1383.0,,,,,525542.543,3377160.093
18:25:57.00,1384.0,,,,,525541.408,3377159.398
18:25:58.00,1385.0,,,,,525540.273,3377158.703
18:25:59.00,1386.0,,,,,525539.138,3377158.008
18:26:00.00,1387.0,,,,,525538.003,3377157.313
18:26:01.00,1388.0,,,,,525536.868,3377156.618
18:26:02.00,1389.0,,,,,525535.733,3377155.922
18:26:03.00,1390.0,,,,,525534.598,3377155.227
18:26:04.00,1391.0,,,,,525533.463,3377154.532
18:26:05.00,1392.0,,,,,525532.328,3377153.837
18:26:06.00,1393.0,,,,,525531.193,3377153.142
18:26:07.00,1394.0,,,,,525530.058,3377152.446
18:26:08.00,1395.0,,,,,525528.923,3377151.751
18:26:09.00,1396.0,,,,,525527.788,3377151.056
18:26:10.00,1397.0,,,,,525526.653,3377150.361
18:26:11.00,1398.0,,,,,525525.518,3377149.666
18:26:12.00,1399.0,,,,,525524.384,3377148.970
18:26:13.00,1400.0,,,,,525523.249,3377148.275
18:26:14.00,1401.0,,,,,525522.114,3377147.580
18:26:15.00,1402.0,,,,,525520.979,3377146.885
18:26:16.00,1403.0,,,,,525519.844,3377146.190
18:26:17.00,1404.0,,,,,525518.709,3377145.494
18:26:18.00,1405.0,,,,,525517.574,3377144.799
18:26:19.00,1406.0,,,,,525516.439,3377144.104
18:26:20.00,1407.0,,,,,525515.304,3377143.409
18:26:21.00,1408.0,,,,,525514.169,3377142.714
18:26:22.00,1409.0,,,,,525513.034,3377142.019
18:26:23.00,1410.0,,,,,525511.899,3377141.323
18:26:24.00,1411.0,,,,,525510.764,3377140.628
18:26:25.00,1412.0,,,,,525509.629,3377139.933
18:26:26.00,1413.0,,,,,525508.494,3377139.238
18:26:27.00,1414.0,,,,,525507.359,3377138.543
18:26:28.00,1415.0,,,,,525506.225,3377137.847
18:26:29.00,1416.0,,,,,525505.090,3377137.152
18:26:30.00,1417.0,,,,,525503.955,3377136.457
18:26:31.00,1418.0,,,,,525502.820,3377135.762
18:26:32.00,1419.0,,,,,525501.685,3377135.067
18:26:33.00,1420.0,,,,,525500.550,3377134.371
18:26:34.00,1421.0,,,,,525499.415,3377133.676
18:26:35.00,1422.0,,,,,525498.280,3377132.981
18:26:36.00,1423.0,,,,,525497.145,3377132.286
18:26:37.00,1424.0,,,,,525496.010,3377131.591
18:26:38.00,1425.0,,,,,525494.875,3377130.895
18:26:39.00,1426.0,,,,,525493.740,3377130.200
18:26:40.00,1427.0,,,,,525492.605,3377129.505
18:26:41.00,1428.0,,,,,525491.470,3377128.810
18:26:42.00,1429.0,,,,,525490.335,3377128.115
18:26:43.00,1430.0,,,,,525489.200,3377127.420
18:26:44.00,1431.0,,,,,525488.066,3377126.724
18:26:45.00,1432.0,,,,,525486.931,3377126.029
18:26:46.00,1433.0,,,,,525485.796,3377125.334
18:26:47.00,1434.0,,,,,525484.661,3377124.639
18:26:48.00,1435.0,,,,,525483.526,3377123.944
18:26:49.00,1436.0,,,,,525482.391,3377123.248
18:26:50.00,1437.0,,,,,525481.256,3377122.553
18:26:51.00,1438.0,,,,,525480.121,3377121.858
18:26:52.00,1439.0,,,,,525478.986,3377121.163
18:26:53.00,1440.0,,,,,525477.851,3377120.468
18:26:54.00,1441.0,,,,,525476.716,3377119.772
18:26:55.00,1442.0,,,,,525475.581,3377119.077
18:26:56.00,1443.0,,,,,525474.446,3377118.382
18:26:57.00,1444.0,,,,,525473.311,3377117.687
18:26:58.00,1445.0,,,,,525472.176,3377116.992
18:26:59.00,1446.0,,,,,525471.041,3377116.296
18:27:00.00,1447.0,,,,,525469.907,3377115.601
18:27:01.00,1448.0,,,,,525468.772,3377114.906
18:27:02.00,1449.0,,,,,525467.637,3377114.211
18:27:03.00,1450.0,,,,,525466.502,3377113.516
18:27:04.00,1451.0,,,,,525465.367,3377112.821
18:27:05.00,1452.0,,,,,525464.232,3377112.125
18:27:06.00,1453.0,,,,,525463.097,3377111.430
18:27:07.00,1454.0,,,,,525461.962,3377110.735
18:27:08.00,1455.0,,,,,525460.827,3377110.040
18:27:09.00,1456.0,,,,,525459.692,3377109.345
18:27:10.00,1457.0,,,,,525458.557,3377108.649
18:27:11.00,1458.0,,,,,525457.422,3377107.954
18:27:12.00,1459.0,,,,,525456.287,3377107.259
18:27:13.00,1460.0,,,,,525455.152,3377106.564
18:27:14.00,1461.0,,,,,525454.017,3377105.869
18:27:15.00,1462.0,,,,,525452.882,3377105.173
18:27:16.00,1463.0,,,,,525451.748,3377104.478
18:27:17.00,1464.0,,,,,525450.613,3377103.783
18:27:18.00,1465.0,,,,,525449.478,3377103.088
18:27:19.00,1466.0,,,,,525448.343,3377102.393
18:27:20.00,1467.0,,,,,525447.208,3377101.697
18:27:21.00,1468.0,,,,,525446.073,3377101.002
18:27:22.00,1469.0,,,,,525444.938,3377100.307
18:27:23.00,1470.0,,,,,525443.803,3377099.612
18:27:24.00,1471.0,,,,,525442.668,3377098.917
18:27:25.00,1472.0,,,,,525441.533,3377098.222
18:27:26.00,1473.0,,,,,525440.398,3377097.526
18:27:27.00,1474.0,,,,,525439.263,3377096.831
18:27:28.00,1475.0,,,,,525438.128,3377096.136
18:27:29.00,1476.0,,,,,525436.993,3377095.441
18:27:30.00,1477.0,,,,,525435.858,3377094.746
18:27:31.00,1478.0,,,,,525434.723,3377094.050
18:27:32.00,1479.0,,,,,525433.589,3377093.355
18:27:33.00,1480.0,,,,,525432.454,3377092.660
18:27:34.00,1481.0,,,,,525431.319,3377091.965
18:27:35.00,1482.0,,,,,525430.184,3377091.270
18:27:36.00,1483.0,,,,,525429.049,3377090.574
